data_hora,radiacao_wm2,temperatura_c,umidade_rel_%,vento_ms
2024-08-01 00:00:00,0.0,21.2,88.7,15.0
2024-08-01 01:00:00,0.0,20.2,85.5,13.7
2024-08-01 02:00:00,0.0,22.6,73.9,15.0
2024-08-01 03:00:00,0.0,25.6,76.9,10.9
2024-08-01 04:00:00,0.0,23.7,75.0,10.0
2024-08-01 05:00:00,0.0,25.7,72.2,15.0
2024-08-01 06:00:00,5.621607405777287e-31,31.4,67.5,11.1
2024-08-01 07:00:00,10.043642868389014,31.8,69.9,4.9
2024-08-01 08:00:00,37.48338547790464,31.3,64.8,3.4
2024-08-01 09:00:00,74.96677095580927,35.0,59.6,2.5
2024-08-01 10:00:00,112.4501564337139,34.2,67.9,3.6
2024-08-01 11:00:00,139.8898990432295,35.0,59.2,1.9
2024-08-01 12:00:00,149.9335419116185,36.7,68.0,0.9
2024-08-01 13:00:00,139.8898990432295,32.1,66.0,1.7
2024-08-01 14:00:00,112.4501564337139,31.7,55.2,3.7
2024-08-01 15:00:00,74.96677095580927,32.7,65.8,5.0
2024-08-01 16:00:00,37.48338547790464,30.2,68.6,9.7
2024-08-01 17:00:00,10.043642868389014,30.9,71.8,5.2
2024-08-01 18:00:00,5.621607405777287e-31,26.4,76.9,9.5
2024-08-01 19:00:00,0.0,23.3,78.3,7.0
2024-08-01 20:00:00,0.0,27.1,66.0,8.8
2024-08-01 21:00:00,0.0,22.1,80.2,10.4
2024-08-01 22:00:00,0.0,21.4,78.2,12.9
2024-08-01 23:00:00,0.0,17.6,86.4,15.0
2024-08-02 00:00:00,0.0,19.3,89.2,15.0
2024-08-02 01:00:00,0.0,20.9,91.7,13.2
2024-08-02 02:00:00,0.0,19.2,88.4,14.8
2024-08-02 03:00:00,0.0,23.5,72.7,12.7
2024-08-02 04:00:00,0.0,23.2,81.4,13.0
2024-08-02 05:00:00,0.0,25.8,80.6,6.4
2024-08-02 06:00:00,5.621607405777287e-31,27.2,69.0,5.7
2024-08-02 07:00:00,10.043642868389014,34.2,58.8,7.5
2024-08-02 08:00:00,37.48338547790464,32.4,62.8,3.3
2024-08-02 09:00:00,74.96677095580927,32.0,59.5,4.9
2024-08-02 10:00:00,112.4501564337139,37.0,57.7,2.5
2024-08-02 11:00:00,139.8898990432295,33.7,59.7,3.3
2024-08-02 12:00:00,149.9335419116185,36.8,56.8,0.9
2024-08-02 13:00:00,139.8898990432295,32.2,58.6,2.8
2024-08-02 14:00:00,112.4501564337139,32.7,60.0,6.0
2024-08-02 15:00:00,74.96677095580927,34.5,62.6,5.2
2024-08-02 16:00:00,37.48338547790464,33.9,58.1,2.7
2024-08-02 17:00:00,10.043642868389014,30.8,74.1,10.1
2024-08-02 18:00:00,5.621607405777287e-31,28.2,68.3,9.0
2024-08-02 19:00:00,0.0,25.7,75.8,5.8
2024-08-02 20:00:00,0.0,21.5,87.0,8.0
2024-08-02 21:00:00,0.0,21.3,75.5,9.1
2024-08-02 22:00:00,0.0,20.6,75.2,13.2
2024-08-02 23:00:00,0.0,22.8,72.3,13.7
2024-08-03 00:00:00,0.0,21.3,89.0,14.7
2024-08-03 01:00:00,0.0,17.4,87.0,14.5
2024-08-03 02:00:00,0.0,22.3,93.6,14.7
2024-08-03 03:00:00,0.0,22.2,78.2,10.8
2024-08-03 04:00:00,0.0,23.3,80.0,10.1
2024-08-03 05:00:00,0.0,27.8,78.7,7.8
2024-08-03 06:00:00,5.621607405777287e-31,30.7,75.8,7.8
2024-08-03 07:00:00,10.043642868389014,32.6,72.7,5.6
2024-08-03 08:00:00,37.48338547790464,30.9,71.3,3.9
2024-08-03 09:00:00,74.96677095580927,33.7,65.5,3.6
2024-08-03 10:00:00,112.4501564337139,36.2,58.8,7.1
2024-08-03 11:00:00,139.8898990432295,38.3,55.9,4.0
2024-08-03 12:00:00,149.9335419116185,35.7,54.0,1.1
2024-08-03 13:00:00,139.8898990432295,36.0,52.1,2.8
2024-08-03 14:00:00,112.4501564337139,33.3,61.0,3.6
2024-08-03 15:00:00,74.96677095580927,31.9,62.8,3.1
2024-08-03 16:00:00,37.48338547790464,34.2,57.1,1.9
2024-08-03 17:00:00,10.043642868389014,33.4,64.3,3.7
2024-08-03 18:00:00,5.621607405777287e-31,28.5,74.5,5.4
2024-08-03 19:00:00,0.0,28.6,70.0,13.1
2024-08-03 20:00:00,0.0,25.3,82.8,10.0
2024-08-03 21:00:00,0.0,21.7,76.3,8.6
2024-08-03 22:00:00,0.0,22.4,79.7,12.3
2024-08-03 23:00:00,0.0,24.0,74.3,15.0
2024-08-04 00:00:00,0.0,20.8,74.3,15.0
2024-08-04 01:00:00,0.0,24.2,77.0,15.0
2024-08-04 02:00:00,0.0,16.7,90.4,10.6
2024-08-04 03:00:00,0.0,24.8,83.9,8.1
2024-08-04 04:00:00,0.0,25.0,79.2,12.0
2024-08-04 05:00:00,0.0,26.2,68.8,6.6
2024-08-04 06:00:00,5.621607405777287e-31,29.0,78.1,5.4
2024-08-04 07:00:00,10.043642868389014,26.9,78.6,5.4
2024-08-04 08:00:00,37.48338547790464,32.4,65.6,5.1
2024-08-04 09:00:00,74.96677095580927,35.2,56.5,1.0
2024-08-04 10:00:00,112.4501564337139,38.7,46.5,1.8
2024-08-04 11:00:00,139.8898990432295,35.5,55.2,2.7
2024-08-04 12:00:00,149.9335419116185,35.2,63.1,3.5
2024-08-04 13:00:00,139.8898990432295,35.6,66.4,1.2
2024-08-04 14:00:00,112.4501564337139,37.6,61.1,2.5
2024-08-04 15:00:00,74.96677095580927,35.1,55.3,2.4
2024-08-04 16:00:00,37.48338547790464,31.8,58.2,4.6
2024-08-04 17:00:00,10.043642868389014,31.9,64.2,8.0
2024-08-04 18:00:00,5.621607405777287e-31,29.0,59.9,5.5
2024-08-04 19:00:00,0.0,28.7,71.0,5.6
2024-08-04 20:00:00,0.0,23.4,78.1,7.8
2024-08-04 21:00:00,0.0,22.5,78.1,15.0
2024-08-04 22:00:00,0.0,21.1,75.0,11.2
2024-08-04 23:00:00,0.0,18.2,90.9,12.9
2024-08-05 00:00:00,0.0,21.6,79.4,15.0
2024-08-05 01:00:00,0.0,21.8,75.9,14.4
2024-08-05 02:00:00,0.0,22.1,66.8,11.6
2024-08-05 03:00:00,0.0,22.9,79.6,8.7
2024-08-05 04:00:00,0.0,22.2,89.9,9.6
2024-08-05 05:00:00,0.0,26.1,82.3,7.9
2024-08-05 06:00:00,5.621607405777287e-31,28.3,67.7,7.7
2024-08-05 07:00:00,10.043642868389014,29.5,64.9,5.4
2024-08-05 08:00:00,37.48338547790464,32.7,64.5,8.8
2024-08-05 09:00:00,74.96677095580927,35.5,52.1,5.2
2024-08-05 10:00:00,112.4501564337139,39.7,51.0,4.1
2024-08-05 11:00:00,139.8898990432295,37.1,58.0,5.7
2024-08-05 12:00:00,149.9335419116185,37.5,59.6,2.8
2024-08-05 13:00:00,139.8898990432295,36.6,54.6,2.3
2024-08-05 14:00:00,112.4501564337139,32.1,62.2,3.5
2024-08-05 15:00:00,74.96677095580927,34.6,54.3,1.2
2024-08-05 16:00:00,37.48338547790464,33.1,57.2,4.4
2024-08-05 17:00:00,10.043642868389014,36.0,55.0,4.8
2024-08-05 18:00:00,5.621607405777287e-31,28.6,71.3,7.0
2024-08-05 19:00:00,0.0,27.6,76.0,10.0
2024-08-05 20:00:00,0.0,25.0,72.1,10.2
2024-08-05 21:00:00,0.0,21.0,90.6,9.5
2024-08-05 22:00:00,0.0,24.4,75.8,14.5
2024-08-05 23:00:00,0.0,22.8,79.8,15.0
2024-08-06 00:00:00,0.0,22.8,76.2,15.0
2024-08-06 01:00:00,0.0,19.7,73.5,12.8
2024-08-06 02:00:00,0.0,25.1,80.2,13.8
2024-08-06 03:00:00,0.0,20.8,87.3,9.0
2024-08-06 04:00:00,0.0,26.4,72.1,8.4
2024-08-06 05:00:00,0.0,31.5,64.6,8.2
2024-08-06 06:00:00,5.621607405777287e-31,27.2,74.5,6.6
2024-08-06 07:00:00,10.043642868389014,30.2,58.9,7.6
2024-08-06 08:00:00,37.48338547790464,33.4,58.2,8.9
2024-08-06 09:00:00,74.96677095580927,33.9,64.0,4.5
2024-08-06 10:00:00,112.4501564337139,33.0,55.2,2.3
2024-08-06 11:00:00,139.8898990432295,37.1,55.7,0.4
2024-08-06 12:00:00,149.9335419116185,35.1,51.0,6.0
2024-08-06 13:00:00,139.8898990432295,37.9,55.1,2.4
2024-08-06 14:00:00,112.4501564337139,34.3,59.1,2.8
2024-08-06 15:00:00,74.96677095580927,38.0,44.6,3.5
2024-08-06 16:00:00,37.48338547790464,31.7,69.8,5.1
2024-08-06 17:00:00,10.043642868389014,30.6,62.2,6.0
2024-08-06 18:00:00,5.621607405777287e-31,30.8,61.4,5.6
2024-08-06 19:00:00,0.0,24.7,77.6,7.2
2024-08-06 20:00:00,0.0,25.7,80.5,7.9
2024-08-06 21:00:00,0.0,26.2,68.8,9.5
2024-08-06 22:00:00,0.0,19.1,87.0,11.4
2024-08-06 23:00:00,0.0,21.9,83.8,14.4
2024-08-07 00:00:00,0.0,21.9,85.0,15.0
2024-08-07 01:00:00,0.0,23.2,80.0,12.1
2024-08-07 02:00:00,0.0,20.0,83.2,11.8
2024-08-07 03:00:00,0.0,21.1,78.9,8.9
2024-08-07 04:00:00,0.0,26.5,73.8,9.1
2024-08-07 05:00:00,0.0,27.9,65.4,6.4
2024-08-07 06:00:00,5.621607405777287e-31,29.9,52.6,7.1
2024-08-07 07:00:00,10.043642868389014,32.2,65.3,3.4
2024-08-07 08:00:00,37.48338547790464,32.0,67.8,2.0
2024-08-07 09:00:00,74.96677095580927,35.5,45.2,3.2
2024-08-07 10:00:00,112.4501564337139,36.9,49.5,2.2
2024-08-07 11:00:00,139.8898990432295,35.7,59.8,0.8
2024-08-07 12:00:00,149.9335419116185,41.1,57.2,4.3
2024-08-07 13:00:00,139.8898990432295,38.1,52.6,1.1
2024-08-07 14:00:00,112.4501564337139,34.0,56.2,1.7
2024-08-07 15:00:00,74.96677095580927,36.4,54.6,5.8
2024-08-07 16:00:00,37.48338547790464,31.5,71.2,5.2
2024-08-07 17:00:00,10.043642868389014,33.1,58.3,3.4
2024-08-07 18:00:00,5.621607405777287e-31,31.7,59.9,5.5
2024-08-07 19:00:00,0.0,25.7,72.3,5.7
2024-08-07 20:00:00,0.0,27.3,67.0,11.1
2024-08-07 21:00:00,0.0,24.6,77.4,12.8
2024-08-07 22:00:00,0.0,24.1,85.7,15.0
2024-08-07 23:00:00,0.0,25.5,76.8,15.0
2024-08-08 00:00:00,0.0,21.1,81.8,15.0
2024-08-08 01:00:00,0.0,20.4,82.9,15.0
2024-08-08 02:00:00,0.0,20.9,75.6,10.3
2024-08-08 03:00:00,0.0,22.3,85.3,11.0
2024-08-08 04:00:00,0.0,25.4,74.8,9.8
2024-08-08 05:00:00,0.0,28.2,69.3,6.0
2024-08-08 06:00:00,5.621607405777287e-31,30.1,82.7,5.0
2024-08-08 07:00:00,10.043642868389014,33.3,62.5,7.2
2024-08-08 08:00:00,37.48338547790464,33.6,56.7,5.1
2024-08-08 09:00:00,74.96677095580927,38.2,50.2,8.2
2024-08-08 10:00:00,112.4501564337139,36.0,62.0,7.2
2024-08-08 11:00:00,139.8898990432295,42.8,44.6,0.6
2024-08-08 12:00:00,149.9335419116185,38.8,43.9,1.6
2024-08-08 13:00:00,139.8898990432295,35.6,61.5,1.1
2024-08-08 14:00:00,112.4501564337139,34.4,55.8,4.7
2024-08-08 15:00:00,74.96677095580927,36.2,65.2,4.0
2024-08-08 16:00:00,37.48338547790464,33.1,66.7,2.6
2024-08-08 17:00:00,10.043642868389014,33.1,59.2,3.7
2024-08-08 18:00:00,5.621607405777287e-31,30.5,72.4,9.4
2024-08-08 19:00:00,0.0,27.4,72.1,6.7
2024-08-08 20:00:00,0.0,23.9,82.3,6.7
2024-08-08 21:00:00,0.0,20.9,85.8,9.0
2024-08-08 22:00:00,0.0,21.8,77.6,15.0
2024-08-08 23:00:00,0.0,23.6,75.3,15.0
2024-08-09 00:00:00,0.0,22.2,86.2,15.0
2024-08-09 01:00:00,0.0,19.5,84.1,15.0
2024-08-09 02:00:00,0.0,23.2,77.3,14.8
2024-08-09 03:00:00,0.0,24.9,71.4,8.6
2024-08-09 04:00:00,0.0,24.0,79.9,11.6
2024-08-09 05:00:00,0.0,28.0,80.9,8.4
2024-08-09 06:00:00,5.621607405777287e-31,29.9,61.9,4.9
2024-08-09 07:00:00,10.043642868389014,29.5,67.9,6.4
2024-08-09 08:00:00,37.48338547790464,34.5,66.0,4.7
2024-08-09 09:00:00,74.96677095580927,36.5,54.8,4.2
2024-08-09 10:00:00,112.4501564337139,38.9,53.3,3.2
2024-08-09 11:00:00,139.8898990432295,39.6,44.4,1.3
2024-08-09 12:00:00,149.9335419116185,35.0,60.1,1.4
2024-08-09 13:00:00,139.8898990432295,35.6,56.0,2.2
2024-08-09 14:00:00,112.4501564337139,37.7,58.0,3.0
2024-08-09 15:00:00,74.96677095580927,36.4,61.3,4.9
2024-08-09 16:00:00,37.48338547790464,34.8,71.3,10.1
2024-08-09 17:00:00,10.043642868389014,39.5,52.7,5.5
2024-08-09 18:00:00,5.621607405777287e-31,30.9,67.0,7.6
2024-08-09 19:00:00,0.0,30.0,68.0,9.5
2024-08-09 20:00:00,0.0,27.7,69.4,10.6
2024-08-09 21:00:00,0.0,25.4,77.0,9.2
2024-08-09 22:00:00,0.0,22.2,79.6,15.0
2024-08-09 23:00:00,0.0,23.6,79.4,15.0
2024-08-10 00:00:00,0.0,20.4,90.9,15.0
2024-08-10 01:00:00,0.0,21.7,76.9,13.3
2024-08-10 02:00:00,0.0,22.0,87.0,12.6
2024-08-10 03:00:00,0.0,24.4,83.6,8.6
2024-08-10 04:00:00,0.0,30.6,65.4,13.1
2024-08-10 05:00:00,0.0,24.1,67.0,6.4
2024-08-10 06:00:00,5.621607405777287e-31,31.3,61.6,5.6
2024-08-10 07:00:00,10.043642868389014,28.8,75.7,8.9
2024-08-10 08:00:00,37.48338547790464,33.0,61.5,7.5
2024-08-10 09:00:00,74.96677095580927,37.8,48.0,4.1
2024-08-10 10:00:00,112.4501564337139,37.0,51.9,7.8
2024-08-10 11:00:00,139.8898990432295,35.5,61.3,1.2
2024-08-10 12:00:00,149.9335419116185,36.5,58.0,3.2
2024-08-10 13:00:00,139.8898990432295,39.0,49.6,1.2
2024-08-10 14:00:00,112.4501564337139,35.4,55.5,5.7
2024-08-10 15:00:00,74.96677095580927,36.0,54.2,6.1
2024-08-10 16:00:00,37.48338547790464,34.0,55.2,9.3
2024-08-10 17:00:00,10.043642868389014,30.7,73.8,5.0
2024-08-10 18:00:00,5.621607405777287e-31,34.2,57.8,12.7
2024-08-10 19:00:00,0.0,29.1,74.7,5.9
2024-08-10 20:00:00,0.0,21.9,89.2,8.8
2024-08-10 21:00:00,0.0,24.6,81.6,9.1
2024-08-10 22:00:00,0.0,21.7,79.8,12.9
2024-08-10 23:00:00,0.0,23.9,80.0,13.2
2024-08-11 00:00:00,0.0,20.5,84.0,15.0
2024-08-11 01:00:00,0.0,22.1,76.7,15.0
2024-08-11 02:00:00,0.0,24.2,79.1,10.9
2024-08-11 03:00:00,0.0,26.2,68.0,12.6
2024-08-11 04:00:00,0.0,23.7,84.3,13.4
2024-08-11 05:00:00,0.0,27.3,69.5,8.7
2024-08-11 06:00:00,5.621607405777287e-31,29.1,69.6,4.3
2024-08-11 07:00:00,10.043642868389014,30.8,66.9,4.7
2024-08-11 08:00:00,37.48338547790464,37.6,52.0,5.7
2024-08-11 09:00:00,74.96677095580927,36.6,58.1,3.0
2024-08-11 10:00:00,112.4501564337139,34.5,56.5,1.4
2024-08-11 11:00:00,139.8898990432295,39.6,54.0,5.8
2024-08-11 12:00:00,149.9335419116185,42.3,38.1,2.0
2024-08-11 13:00:00,139.8898990432295,39.9,49.9,7.1
2024-08-11 14:00:00,112.4501564337139,34.0,69.5,2.0
2024-08-11 15:00:00,74.96677095580927,34.8,53.4,2.8
2024-08-11 16:00:00,37.48338547790464,36.6,51.7,3.1
2024-08-11 17:00:00,10.043642868389014,30.7,68.2,4.7
2024-08-11 18:00:00,5.621607405777287e-31,31.0,66.1,7.1
2024-08-11 19:00:00,0.0,29.6,69.5,5.9
2024-08-11 20:00:00,0.0,24.2,79.8,7.3
2024-08-11 21:00:00,0.0,24.3,80.4,8.5
2024-08-11 22:00:00,0.0,16.7,96.5,10.4
2024-08-11 23:00:00,0.0,20.3,86.5,12.8
2024-08-12 00:00:00,0.0,21.7,80.7,15.0
2024-08-12 01:00:00,0.0,20.0,88.4,15.0
2024-08-12 02:00:00,0.0,26.6,82.7,13.4
2024-08-12 03:00:00,0.0,21.7,81.3,10.9
2024-08-12 04:00:00,0.0,25.3,70.5,12.9
2024-08-12 05:00:00,0.0,28.4,75.4,12.8
2024-08-12 06:00:00,5.621607405777287e-31,33.1,60.8,5.6
2024-08-12 07:00:00,10.043642868389014,29.4,57.2,3.6
2024-08-12 08:00:00,37.48338547790464,36.6,59.4,11.1
2024-08-12 09:00:00,74.96677095580927,35.9,53.7,6.5
2024-08-12 10:00:00,112.4501564337139,35.2,57.2,5.7
2024-08-12 11:00:00,139.8898990432295,38.9,52.7,1.7
2024-08-12 12:00:00,149.9335419116185,38.6,52.4,4.6
2024-08-12 13:00:00,139.8898990432295,36.8,58.4,2.9
2024-08-12 14:00:00,112.4501564337139,37.3,51.7,2.8
2024-08-12 15:00:00,74.96677095580927,35.1,60.4,3.3
2024-08-12 16:00:00,37.48338547790464,34.5,57.7,5.2
2024-08-12 17:00:00,10.043642868389014,33.6,64.2,9.1
2024-08-12 18:00:00,5.621607405777287e-31,33.4,64.0,13.6
2024-08-12 19:00:00,0.0,25.7,70.1,6.7
2024-08-12 20:00:00,0.0,30.5,71.5,9.3
2024-08-12 21:00:00,0.0,20.7,81.1,10.4
2024-08-12 22:00:00,0.0,23.0,83.6,13.4
2024-08-12 23:00:00,0.0,23.7,80.2,14.2
2024-08-13 00:00:00,0.0,22.9,88.9,15.0
2024-08-13 01:00:00,0.0,21.4,81.4,13.9
2024-08-13 02:00:00,0.0,23.0,77.8,11.6
2024-08-13 03:00:00,0.0,23.7,78.2,10.3
2024-08-13 04:00:00,0.0,25.2,74.2,7.1
2024-08-13 05:00:00,0.0,30.0,71.0,6.5
2024-08-13 06:00:00,5.621607405777287e-31,31.1,57.0,7.0
2024-08-13 07:00:00,10.043642868389014,31.0,59.8,5.9
2024-08-13 08:00:00,37.48338547790464,36.2,50.6,4.6
2024-08-13 09:00:00,74.96677095580927,36.6,59.8,7.2
2024-08-13 10:00:00,112.4501564337139,38.9,59.5,3.9
2024-08-13 11:00:00,139.8898990432295,39.4,49.6,6.2
2024-08-13 12:00:00,149.9335419116185,36.7,54.1,10.0
2024-08-13 13:00:00,139.8898990432295,37.0,54.8,4.7
2024-08-13 14:00:00,112.4501564337139,38.8,57.0,1.1
2024-08-13 15:00:00,74.96677095580927,37.2,49.3,4.0
2024-08-13 16:00:00,37.48338547790464,34.3,60.4,4.4
2024-08-13 17:00:00,10.043642868389014,32.7,67.1,9.5
2024-08-13 18:00:00,5.621607405777287e-31,32.9,64.3,5.9
2024-08-13 19:00:00,0.0,27.1,73.1,6.1
2024-08-13 20:00:00,0.0,27.5,76.6,8.1
2024-08-13 21:00:00,0.0,24.3,63.7,8.9
2024-08-13 22:00:00,0.0,23.0,83.0,15.0
2024-08-13 23:00:00,0.0,24.8,73.0,14.6
2024-08-14 00:00:00,0.0,24.1,68.4,15.0
2024-08-14 01:00:00,0.0,24.4,79.7,15.0
2024-08-14 02:00:00,0.0,26.2,80.8,15.0
2024-08-14 03:00:00,0.0,24.9,75.5,11.0
2024-08-14 04:00:00,0.0,27.9,75.6,7.1
2024-08-14 05:00:00,0.0,27.8,79.0,6.6
2024-08-14 06:00:00,5.621607405777287e-31,31.1,71.5,5.7
2024-08-14 07:00:00,10.043642868389014,32.3,71.1,5.1
2024-08-14 08:00:00,37.48338547790464,34.7,62.3,2.6
2024-08-14 09:00:00,74.96677095580927,37.3,54.2,5.8
2024-08-14 10:00:00,112.4501564337139,35.8,48.6,0.6
2024-08-14 11:00:00,139.8898990432295,42.4,43.5,5.6
2024-08-14 12:00:00,149.9335419116185,36.5,51.1,6.3
2024-08-14 13:00:00,139.8898990432295,35.8,67.4,2.0
2024-08-14 14:00:00,112.4501564337139,39.7,48.6,2.8
2024-08-14 15:00:00,74.96677095580927,37.7,53.7,7.7
2024-08-14 16:00:00,37.48338547790464,35.7,59.4,5.6
2024-08-14 17:00:00,10.043642868389014,33.8,60.4,4.4
2024-08-14 18:00:00,5.621607405777287e-31,30.5,74.6,5.7
2024-08-14 19:00:00,0.0,26.6,70.0,8.5
2024-08-14 20:00:00,0.0,26.6,74.0,14.8
2024-08-14 21:00:00,0.0,23.5,75.0,10.3
2024-08-14 22:00:00,0.0,25.5,68.5,11.9
2024-08-14 23:00:00,0.0,22.5,77.5,14.7
2024-08-15 00:00:00,0.0,20.9,83.1,15.0
2024-08-15 01:00:00,0.0,22.2,78.8,15.0
2024-08-15 02:00:00,0.0,24.5,73.4,12.4
2024-08-15 03:00:00,0.0,23.8,71.1,13.8
2024-08-15 04:00:00,0.0,25.0,75.7,7.6
2024-08-15 05:00:00,0.0,29.0,61.2,8.3
2024-08-15 06:00:00,5.621607405777287e-31,31.1,68.8,7.1
2024-08-15 07:00:00,10.043642868389014,31.7,64.4,3.8
2024-08-15 08:00:00,37.48338547790464,33.7,53.1,5.0
2024-08-15 09:00:00,74.96677095580927,36.7,53.4,4.5
2024-08-15 10:00:00,112.4501564337139,34.6,54.9,0.5
2024-08-15 11:00:00,139.8898990432295,35.5,58.7,1.2
2024-08-15 12:00:00,149.9335419116185,37.2,60.8,7.2
2024-08-15 13:00:00,139.8898990432295,37.9,43.4,1.6
2024-08-15 14:00:00,112.4501564337139,38.1,52.9,1.2
2024-08-15 15:00:00,74.96677095580927,39.2,49.6,1.3
2024-08-15 16:00:00,37.48338547790464,36.3,59.0,2.6
2024-08-15 17:00:00,10.043642868389014,32.3,63.8,4.8
2024-08-15 18:00:00,5.621607405777287e-31,30.6,62.2,4.4
2024-08-15 19:00:00,0.0,26.5,71.7,9.0
2024-08-15 20:00:00,0.0,26.6,69.2,7.6
2024-08-15 21:00:00,0.0,24.4,82.5,11.3
2024-08-15 22:00:00,0.0,24.3,77.3,15.0
2024-08-15 23:00:00,0.0,21.2,92.3,15.0
2024-08-16 00:00:00,0.0,23.7,78.0,15.0
2024-08-16 01:00:00,0.0,26.0,70.6,13.0
2024-08-16 02:00:00,0.0,23.6,71.0,12.4
2024-08-16 03:00:00,0.0,25.8,65.5,11.3
2024-08-16 04:00:00,0.0,28.1,62.5,15.0
2024-08-16 05:00:00,0.0,27.8,72.3,5.3
2024-08-16 06:00:00,5.621607405777287e-31,31.1,67.5,6.0
2024-08-16 07:00:00,10.043642868389014,32.8,54.1,6.5
2024-08-16 08:00:00,37.48338547790464,34.9,62.7,4.3
2024-08-16 09:00:00,74.96677095580927,34.8,55.9,3.9
2024-08-16 10:00:00,112.4501564337139,37.7,53.9,1.7
2024-08-16 11:00:00,139.8898990432295,39.4,58.1,5.0
2024-08-16 12:00:00,149.9335419116185,41.6,50.6,2.6
2024-08-16 13:00:00,139.8898990432295,40.3,47.0,3.1
2024-08-16 14:00:00,112.4501564337139,41.9,41.1,5.6
2024-08-16 15:00:00,74.96677095580927,34.8,47.6,2.9
2024-08-16 16:00:00,37.48338547790464,36.4,51.8,7.6
2024-08-16 17:00:00,10.043642868389014,33.1,60.3,3.3
2024-08-16 18:00:00,5.621607405777287e-31,35.1,52.9,6.7
2024-08-16 19:00:00,0.0,27.0,71.7,6.1
2024-08-16 20:00:00,0.0,25.0,76.4,7.4
2024-08-16 21:00:00,0.0,23.8,77.0,15.0
2024-08-16 22:00:00,0.0,19.5,82.6,10.8
2024-08-16 23:00:00,0.0,21.9,82.4,14.7
2024-08-17 00:00:00,0.0,21.3,84.9,15.0
2024-08-17 01:00:00,0.0,23.4,73.5,15.0
2024-08-17 02:00:00,0.0,24.5,83.9,11.8
2024-08-17 03:00:00,0.0,28.9,68.5,13.3
2024-08-17 04:00:00,0.0,28.7,69.5,10.3
2024-08-17 05:00:00,0.0,27.6,74.9,15.0
2024-08-17 06:00:00,5.621607405777287e-31,29.0,70.0,4.2
2024-08-17 07:00:00,10.043642868389014,33.8,64.9,3.5
2024-08-17 08:00:00,37.48338547790464,32.1,64.6,6.6
2024-08-17 09:00:00,74.96677095580927,40.1,45.8,4.1
2024-08-17 10:00:00,112.4501564337139,40.1,50.7,2.5
2024-08-17 11:00:00,139.8898990432295,37.6,47.7,9.0
2024-08-17 12:00:00,149.9335419116185,35.4,57.9,2.5
2024-08-17 13:00:00,139.8898990432295,41.2,46.6,1.4
2024-08-17 14:00:00,112.4501564337139,37.5,52.5,5.6
2024-08-17 15:00:00,74.96677095580927,38.9,50.3,3.5
2024-08-17 16:00:00,37.48338547790464,31.6,54.7,4.3
2024-08-17 17:00:00,10.043642868389014,31.7,61.3,6.6
2024-08-17 18:00:00,5.621607405777287e-31,30.8,66.0,7.8
2024-08-17 19:00:00,0.0,28.8,70.0,5.9
2024-08-17 20:00:00,0.0,25.9,69.3,8.4
2024-08-17 21:00:00,0.0,26.4,79.9,8.8
2024-08-17 22:00:00,0.0,21.7,77.6,13.2
2024-08-17 23:00:00,0.0,22.8,84.9,15.0
2024-08-18 00:00:00,0.0,23.1,81.6,15.0
2024-08-18 01:00:00,0.0,24.2,74.3,12.6
2024-08-18 02:00:00,0.0,25.3,84.2,11.5
2024-08-18 03:00:00,0.0,22.9,73.7,10.2
2024-08-18 04:00:00,0.0,23.8,82.8,10.6
2024-08-18 05:00:00,0.0,31.3,69.6,6.8
2024-08-18 06:00:00,5.621607405777287e-31,31.5,60.9,6.9
2024-08-18 07:00:00,10.043642868389014,31.4,71.4,4.2
2024-08-18 08:00:00,37.48338547790464,38.0,51.4,3.8
2024-08-18 09:00:00,74.96677095580927,36.7,56.3,2.1
2024-08-18 10:00:00,112.4501564337139,40.1,50.0,1.3
2024-08-18 11:00:00,139.8898990432295,38.7,50.6,4.4
2024-08-18 12:00:00,149.9335419116185,43.0,47.7,1.8
2024-08-18 13:00:00,139.8898990432295,42.1,49.2,3.6
2024-08-18 14:00:00,112.4501564337139,37.3,45.1,1.6
2024-08-18 15:00:00,74.96677095580927,38.5,58.3,3.4
2024-08-18 16:00:00,37.48338547790464,36.1,47.6,1.8
2024-08-18 17:00:00,10.043642868389014,35.7,62.0,4.4
2024-08-18 18:00:00,5.621607405777287e-31,28.9,74.6,4.9
2024-08-18 19:00:00,0.0,30.2,61.3,10.5
2024-08-18 20:00:00,0.0,29.0,66.8,7.2
2024-08-18 21:00:00,0.0,21.7,76.4,10.3
2024-08-18 22:00:00,0.0,21.6,81.1,13.2
2024-08-18 23:00:00,0.0,19.0,85.2,15.0
2024-08-19 00:00:00,0.0,22.4,84.6,15.0
2024-08-19 01:00:00,0.0,24.6,83.2,14.5
2024-08-19 02:00:00,0.0,27.0,79.4,12.6
2024-08-19 03:00:00,0.0,25.4,72.5,13.7
2024-08-19 04:00:00,0.0,30.2,65.7,8.7
2024-08-19 05:00:00,0.0,26.1,65.6,7.8
2024-08-19 06:00:00,5.621607405777287e-31,27.5,67.5,9.3
2024-08-19 07:00:00,10.043642868389014,32.9,66.7,13.6
2024-08-19 08:00:00,37.48338547790464,35.7,64.9,4.6
2024-08-19 09:00:00,74.96677095580927,36.5,49.1,4.6
2024-08-19 10:00:00,112.4501564337139,33.7,57.4,4.9
2024-08-19 11:00:00,139.8898990432295,38.5,51.6,5.8
2024-08-19 12:00:00,149.9335419116185,36.3,57.1,5.2
2024-08-19 13:00:00,139.8898990432295,40.0,45.0,1.6
2024-08-19 14:00:00,112.4501564337139,38.6,53.7,3.6
2024-08-19 15:00:00,74.96677095580927,34.7,56.2,6.1
2024-08-19 16:00:00,37.48338547790464,33.9,59.9,8.1
2024-08-19 17:00:00,10.043642868389014,30.9,68.2,4.7
2024-08-19 18:00:00,5.621607405777287e-31,30.8,65.6,6.7
2024-08-19 19:00:00,0.0,30.8,63.5,8.3
2024-08-19 20:00:00,0.0,24.9,75.6,9.0
2024-08-19 21:00:00,0.0,26.3,73.3,11.2
2024-08-19 22:00:00,0.0,22.9,77.9,15.0
2024-08-19 23:00:00,0.0,21.6,80.8,14.3
2024-08-20 00:00:00,0.0,22.7,88.1,15.0
2024-08-20 01:00:00,0.0,21.2,85.7,12.6
2024-08-20 02:00:00,0.0,22.9,78.3,10.4
2024-08-20 03:00:00,0.0,22.9,83.3,11.7
2024-08-20 04:00:00,0.0,30.9,63.7,11.6
2024-08-20 05:00:00,0.0,29.0,74.7,9.5
2024-08-20 06:00:00,5.621607405777287e-31,29.6,69.6,4.8
2024-08-20 07:00:00,10.043642868389014,33.5,60.2,6.9
2024-08-20 08:00:00,37.48338547790464,34.7,60.7,3.9
2024-08-20 09:00:00,74.96677095580927,36.2,48.0,2.7
2024-08-20 10:00:00,112.4501564337139,39.1,45.0,1.1
2024-08-20 11:00:00,139.8898990432295,40.2,42.7,1.5
2024-08-20 12:00:00,149.9335419116185,37.9,53.5,3.7
2024-08-20 13:00:00,139.8898990432295,37.5,62.1,3.3
2024-08-20 14:00:00,112.4501564337139,37.3,65.0,3.2
2024-08-20 15:00:00,74.96677095580927,32.0,66.6,1.1
2024-08-20 16:00:00,37.48338547790464,31.9,66.0,4.5
2024-08-20 17:00:00,10.043642868389014,35.8,47.6,4.0
2024-08-20 18:00:00,5.621607405777287e-31,34.2,56.6,6.8
2024-08-20 19:00:00,0.0,28.4,66.0,10.7
2024-08-20 20:00:00,0.0,28.1,67.3,8.1
2024-08-20 21:00:00,0.0,25.9,73.5,10.8
2024-08-20 22:00:00,0.0,30.2,64.3,15.0
2024-08-20 23:00:00,0.0,25.5,65.3,15.0
2024-08-21 00:00:00,0.0,22.7,83.8,15.0
2024-08-21 01:00:00,0.0,21.3,77.2,13.3
2024-08-21 02:00:00,0.0,20.8,84.7,14.5
2024-08-21 03:00:00,0.0,25.7,85.0,9.1
2024-08-21 04:00:00,0.0,25.5,70.6,12.4
2024-08-21 05:00:00,0.0,26.1,61.4,8.9
2024-08-21 06:00:00,5.621607405777287e-31,29.7,66.1,5.2
2024-08-21 07:00:00,10.043642868389014,30.9,70.9,3.8
2024-08-21 08:00:00,37.48338547790464,38.4,61.7,2.9
2024-08-21 09:00:00,74.96677095580927,38.4,45.7,1.3
2024-08-21 10:00:00,112.4501564337139,37.9,55.3,3.9
2024-08-21 11:00:00,139.8898990432295,41.7,43.7,0.3
2024-08-21 12:00:00,149.9335419116185,39.1,50.0,2.3
2024-08-21 13:00:00,139.8898990432295,37.0,67.6,2.3
2024-08-21 14:00:00,112.4501564337139,41.0,39.8,2.3
2024-08-21 15:00:00,74.96677095580927,37.7,54.4,4.4
2024-08-21 16:00:00,37.48338547790464,32.9,64.1,3.2
2024-08-21 17:00:00,10.043642868389014,32.7,67.6,5.4
2024-08-21 18:00:00,5.621607405777287e-31,29.2,68.9,9.6
2024-08-21 19:00:00,0.0,26.1,75.5,8.7
2024-08-21 20:00:00,0.0,28.8,67.1,8.2
2024-08-21 21:00:00,0.0,29.1,69.9,10.6
2024-08-21 22:00:00,0.0,21.3,81.0,11.9
2024-08-21 23:00:00,0.0,24.4,80.2,14.3
2024-08-22 00:00:00,0.0,21.7,80.1,15.0
2024-08-22 01:00:00,0.0,22.3,82.8,12.8
2024-08-22 02:00:00,0.0,22.9,79.7,10.5
2024-08-22 03:00:00,0.0,23.6,84.1,9.2
2024-08-22 04:00:00,0.0,27.1,72.0,10.0
2024-08-22 05:00:00,0.0,27.3,63.1,8.9
2024-08-22 06:00:00,5.621607405777287e-31,31.5,70.5,8.0
2024-08-22 07:00:00,10.043642868389014,33.0,57.1,3.7
2024-08-22 08:00:00,37.48338547790464,34.5,55.6,4.3
2024-08-22 09:00:00,74.96677095580927,34.8,55.3,2.7
2024-08-22 10:00:00,112.4501564337139,36.8,61.7,2.7
2024-08-22 11:00:00,139.8898990432295,40.2,37.9,1.9
2024-08-22 12:00:00,149.9335419116185,40.0,64.7,3.1
2024-08-22 13:00:00,139.8898990432295,36.8,60.1,1.5
2024-08-22 14:00:00,112.4501564337139,38.1,53.5,5.9
2024-08-22 15:00:00,74.96677095580927,38.2,52.0,6.5
2024-08-22 16:00:00,37.48338547790464,31.7,65.4,5.2
2024-08-22 17:00:00,10.043642868389014,34.2,62.1,7.6
2024-08-22 18:00:00,5.621607405777287e-31,29.7,70.8,4.2
2024-08-22 19:00:00,0.0,30.1,69.7,10.6
2024-08-22 20:00:00,0.0,25.5,75.6,9.7
2024-08-22 21:00:00,0.0,21.7,80.9,9.6
2024-08-22 22:00:00,0.0,20.8,82.8,11.4
2024-08-22 23:00:00,0.0,23.4,78.0,15.0
2024-08-23 00:00:00,0.0,23.5,84.3,15.0
2024-08-23 01:00:00,0.0,21.5,85.3,14.3
2024-08-23 02:00:00,0.0,25.3,60.7,10.6
2024-08-23 03:00:00,0.0,22.0,84.6,14.0
2024-08-23 04:00:00,0.0,26.9,73.6,7.3
2024-08-23 05:00:00,0.0,26.5,73.2,6.8
2024-08-23 06:00:00,5.621607405777287e-31,29.7,65.6,5.8
2024-08-23 07:00:00,10.043642868389014,33.2,66.9,3.8
2024-08-23 08:00:00,37.48338547790464,33.3,65.8,3.7
2024-08-23 09:00:00,74.96677095580927,35.9,52.5,3.4
2024-08-23 10:00:00,112.4501564337139,39.9,51.1,2.5
2024-08-23 11:00:00,139.8898990432295,37.6,48.5,3.3
2024-08-23 12:00:00,149.9335419116185,40.7,40.9,7.3
2024-08-23 13:00:00,139.8898990432295,36.5,52.2,0.8
2024-08-23 14:00:00,112.4501564337139,39.0,55.1,3.2
2024-08-23 15:00:00,74.96677095580927,39.5,54.6,1.8
2024-08-23 16:00:00,37.48338547790464,30.1,69.5,2.2
2024-08-23 17:00:00,10.043642868389014,31.5,68.0,7.3
2024-08-23 18:00:00,5.621607405777287e-31,32.2,65.7,6.6
2024-08-23 19:00:00,0.0,28.5,66.5,5.5
2024-08-23 20:00:00,0.0,27.7,73.2,8.5
2024-08-23 21:00:00,0.0,24.1,81.6,9.2
2024-08-23 22:00:00,0.0,24.2,81.1,12.2
2024-08-23 23:00:00,0.0,23.0,85.6,15.0
2024-08-24 00:00:00,0.0,25.3,79.0,15.0
2024-08-24 01:00:00,0.0,23.8,80.0,13.9
2024-08-24 02:00:00,0.0,24.7,81.8,15.0
2024-08-24 03:00:00,0.0,24.5,76.8,14.4
2024-08-24 04:00:00,0.0,26.0,69.8,10.5
2024-08-24 05:00:00,0.0,28.0,69.7,6.5
2024-08-24 06:00:00,5.621607405777287e-31,31.8,60.1,5.9
2024-08-24 07:00:00,10.043642868389014,32.2,59.6,9.6
2024-08-24 08:00:00,37.48338547790464,35.6,56.3,3.5
2024-08-24 09:00:00,74.96677095580927,40.8,43.6,4.7
2024-08-24 10:00:00,112.4501564337139,39.7,48.1,1.7
2024-08-24 11:00:00,139.8898990432295,38.1,43.0,5.1
2024-08-24 12:00:00,149.9335419116185,41.4,47.6,1.2
2024-08-24 13:00:00,139.8898990432295,37.9,52.8,2.4
2024-08-24 14:00:00,112.4501564337139,33.8,56.0,4.1
2024-08-24 15:00:00,74.96677095580927,34.6,62.0,9.0
2024-08-24 16:00:00,37.48338547790464,31.2,69.5,4.6
2024-08-24 17:00:00,10.043642868389014,32.4,54.7,4.5
2024-08-24 18:00:00,5.621607405777287e-31,31.0,61.3,5.5
2024-08-24 19:00:00,0.0,32.3,59.1,9.8
2024-08-24 20:00:00,0.0,27.6,66.6,9.9
2024-08-24 21:00:00,0.0,24.9,80.3,12.1
2024-08-24 22:00:00,0.0,25.7,73.7,15.0
2024-08-24 23:00:00,0.0,18.8,85.8,14.7
2024-08-25 00:00:00,0.0,23.4,68.8,15.0
2024-08-25 01:00:00,0.0,24.8,79.6,14.0
2024-08-25 02:00:00,0.0,21.1,76.9,11.3
2024-08-25 03:00:00,0.0,27.6,71.6,9.6
2024-08-25 04:00:00,0.0,27.6,72.7,6.5
2024-08-25 05:00:00,0.0,28.1,77.3,8.6
2024-08-25 06:00:00,5.621607405777287e-31,32.2,56.5,7.0
2024-08-25 07:00:00,10.043642868389014,37.6,38.3,6.1
2024-08-25 08:00:00,37.48338547790464,35.3,58.3,2.8
2024-08-25 09:00:00,74.96677095580927,37.1,63.2,2.4
2024-08-25 10:00:00,112.4501564337139,37.0,60.7,1.9
2024-08-25 11:00:00,139.8898990432295,37.0,55.5,5.4
2024-08-25 12:00:00,149.9335419116185,40.6,45.4,2.9
2024-08-25 13:00:00,139.8898990432295,37.0,58.5,2.7
2024-08-25 14:00:00,112.4501564337139,38.0,47.7,4.7
2024-08-25 15:00:00,74.96677095580927,35.7,59.2,2.4
2024-08-25 16:00:00,37.48338547790464,35.9,58.9,4.9
2024-08-25 17:00:00,10.043642868389014,33.7,65.7,11.3
2024-08-25 18:00:00,5.621607405777287e-31,33.0,75.3,9.5
2024-08-25 19:00:00,0.0,27.9,72.8,8.1
2024-08-25 20:00:00,0.0,26.4,70.9,9.1
2024-08-25 21:00:00,0.0,23.3,78.9,11.7
2024-08-25 22:00:00,0.0,23.1,70.5,15.0
2024-08-25 23:00:00,0.0,24.0,74.4,15.0
2024-08-26 00:00:00,0.0,24.4,75.0,15.0
2024-08-26 01:00:00,0.0,21.3,80.0,15.0
2024-08-26 02:00:00,0.0,25.7,75.5,10.2
2024-08-26 03:00:00,0.0,28.0,66.6,15.0
2024-08-26 04:00:00,0.0,27.7,76.7,7.7
2024-08-26 05:00:00,0.0,32.6,62.3,9.2
2024-08-26 06:00:00,5.621607405777287e-31,29.4,68.1,3.9
2024-08-26 07:00:00,10.043642868389014,30.5,64.5,5.1
2024-08-26 08:00:00,37.48338547790464,31.4,65.3,3.5
2024-08-26 09:00:00,74.96677095580927,39.6,53.9,8.1
2024-08-26 10:00:00,112.4501564337139,39.1,46.2,3.7
2024-08-26 11:00:00,139.8898990432295,38.5,48.4,2.6
2024-08-26 12:00:00,149.9335419116185,39.5,48.4,3.5
2024-08-26 13:00:00,139.8898990432295,36.4,48.8,0.2
2024-08-26 14:00:00,112.4501564337139,42.7,40.0,1.9
2024-08-26 15:00:00,74.96677095580927,36.8,52.3,2.6
2024-08-26 16:00:00,37.48338547790464,35.1,62.1,5.5
2024-08-26 17:00:00,10.043642868389014,34.4,60.3,3.5
2024-08-26 18:00:00,5.621607405777287e-31,31.9,64.6,6.5
2024-08-26 19:00:00,0.0,29.3,72.5,7.2
2024-08-26 20:00:00,0.0,25.3,74.7,7.9
2024-08-26 21:00:00,0.0,26.2,75.8,9.7
2024-08-26 22:00:00,0.0,27.7,70.5,12.3
2024-08-26 23:00:00,0.0,25.9,75.8,12.5
2024-08-27 00:00:00,0.0,26.0,71.2,15.0
2024-08-27 01:00:00,0.0,22.1,69.0,13.4
2024-08-27 02:00:00,0.0,21.9,80.8,12.0
2024-08-27 03:00:00,0.0,24.9,83.2,15.0
2024-08-27 04:00:00,0.0,27.0,77.1,10.8
2024-08-27 05:00:00,0.0,31.0,70.1,5.8
2024-08-27 06:00:00,5.621607405777287e-31,27.5,77.7,3.6
2024-08-27 07:00:00,10.043642868389014,36.0,56.7,6.1
2024-08-27 08:00:00,37.48338547790464,34.5,59.8,3.7
2024-08-27 09:00:00,74.96677095580927,35.7,53.7,3.8
2024-08-27 10:00:00,112.4501564337139,35.8,55.1,4.7
2024-08-27 11:00:00,139.8898990432295,35.3,60.6,4.9
2024-08-27 12:00:00,149.9335419116185,40.5,54.1,1.8
2024-08-27 13:00:00,139.8898990432295,38.7,50.6,2.4
2024-08-27 14:00:00,112.4501564337139,35.2,55.4,3.7
2024-08-27 15:00:00,74.96677095580927,33.9,59.9,4.4
2024-08-27 16:00:00,37.48338547790464,34.2,62.5,4.5
2024-08-27 17:00:00,10.043642868389014,36.3,48.5,9.0
2024-08-27 18:00:00,5.621607405777287e-31,30.3,54.9,7.1
2024-08-27 19:00:00,0.0,25.8,71.8,9.2
2024-08-27 20:00:00,0.0,26.4,67.4,9.5
2024-08-27 21:00:00,0.0,24.7,74.1,9.1
2024-08-27 22:00:00,0.0,18.5,86.9,11.5
2024-08-27 23:00:00,0.0,23.0,77.3,12.9
2024-08-28 00:00:00,0.0,22.3,88.1,15.0
2024-08-28 01:00:00,0.0,24.4,78.6,12.6
2024-08-28 02:00:00,0.0,27.6,72.9,12.2
2024-08-28 03:00:00,0.0,27.4,74.8,10.0
2024-08-28 04:00:00,0.0,26.2,68.1,8.2
2024-08-28 05:00:00,0.0,26.5,78.5,6.9
2024-08-28 06:00:00,5.621607405777287e-31,35.9,56.0,11.0
2024-08-28 07:00:00,10.043642868389014,33.0,65.0,2.8
2024-08-28 08:00:00,37.48338547790464,34.8,53.0,7.6
2024-08-28 09:00:00,74.96677095580927,36.4,47.7,3.0
2024-08-28 10:00:00,112.4501564337139,38.1,56.5,5.0
2024-08-28 11:00:00,139.8898990432295,38.2,54.1,2.8
2024-08-28 12:00:00,149.9335419116185,37.6,48.7,0.9
2024-08-28 13:00:00,139.8898990432295,37.4,49.3,6.5
2024-08-28 14:00:00,112.4501564337139,37.6,58.9,6.1
2024-08-28 15:00:00,74.96677095580927,35.4,51.4,1.9
2024-08-28 16:00:00,37.48338547790464,33.4,69.2,5.4
2024-08-28 17:00:00,10.043642868389014,33.1,57.0,4.0
2024-08-28 18:00:00,5.621607405777287e-31,30.3,69.7,4.2
2024-08-28 19:00:00,0.0,31.7,62.3,6.2
2024-08-28 20:00:00,0.0,21.5,85.4,12.5
2024-08-28 21:00:00,0.0,27.3,69.1,12.7
2024-08-28 22:00:00,0.0,26.3,72.8,12.0
2024-08-28 23:00:00,0.0,18.9,87.2,15.0
2024-08-29 00:00:00,0.0,22.0,76.4,15.0
2024-08-29 01:00:00,0.0,22.2,84.7,13.4
2024-08-29 02:00:00,0.0,21.0,80.7,15.0
2024-08-29 03:00:00,0.0,23.5,77.6,9.9
2024-08-29 04:00:00,0.0,24.5,72.0,8.5
2024-08-29 05:00:00,0.0,32.1,50.4,5.2
2024-08-29 06:00:00,5.621607405777287e-31,32.6,61.4,5.1
2024-08-29 07:00:00,10.043642868389014,35.3,69.5,4.7
2024-08-29 08:00:00,37.48338547790464,36.1,59.9,4.7
2024-08-29 09:00:00,74.96677095580927,34.1,59.5,1.8
2024-08-29 10:00:00,112.4501564337139,36.6,53.8,1.7
2024-08-29 11:00:00,139.8898990432295,39.4,50.2,7.4
2024-08-29 12:00:00,149.9335419116185,36.3,58.5,5.2
2024-08-29 13:00:00,139.8898990432295,39.8,43.4,6.0
2024-08-29 14:00:00,112.4501564337139,37.1,59.7,2.8
2024-08-29 15:00:00,74.96677095580927,35.6,60.5,4.1
2024-08-29 16:00:00,37.48338547790464,36.1,59.6,5.5
2024-08-29 17:00:00,10.043642868389014,33.7,62.6,9.7
2024-08-29 18:00:00,5.621607405777287e-31,30.0,67.1,4.2
2024-08-29 19:00:00,0.0,30.9,68.7,6.5
2024-08-29 20:00:00,0.0,24.5,79.8,9.4
2024-08-29 21:00:00,0.0,26.3,71.9,10.8
2024-08-29 22:00:00,0.0,25.0,73.2,11.3
2024-08-29 23:00:00,0.0,22.3,81.3,15.0
2024-08-30 00:00:00,0.0,23.3,86.9,15.0
2024-08-30 01:00:00,0.0,20.4,78.1,14.6
2024-08-30 02:00:00,0.0,25.5,67.7,13.5
2024-08-30 03:00:00,0.0,24.6,77.6,9.9
2024-08-30 04:00:00,0.0,25.6,75.3,10.8
2024-08-30 05:00:00,0.0,30.6,66.7,9.8
2024-08-30 06:00:00,5.621607405777287e-31,29.2,69.7,5.0
2024-08-30 07:00:00,10.043642868389014,29.9,66.2,4.2
2024-08-30 08:00:00,37.48338547790464,31.5,71.8,2.7
2024-08-30 09:00:00,74.96677095580927,37.5,45.6,3.4
2024-08-30 10:00:00,112.4501564337139,35.0,53.9,3.5
2024-08-30 11:00:00,139.8898990432295,41.8,45.2,2.0
2024-08-30 12:00:00,149.9335419116185,34.4,50.8,3.1
2024-08-30 13:00:00,139.8898990432295,41.7,45.0,1.7
2024-08-30 14:00:00,112.4501564337139,37.9,61.0,2.1
2024-08-30 15:00:00,74.96677095580927,36.1,56.2,4.2
2024-08-30 16:00:00,37.48338547790464,33.5,61.8,3.4
2024-08-30 17:00:00,10.043642868389014,33.5,54.5,4.9
2024-08-30 18:00:00,5.621607405777287e-31,30.5,63.0,6.9
2024-08-30 19:00:00,0.0,30.7,63.8,7.9
2024-08-30 20:00:00,0.0,26.8,71.1,8.1
2024-08-30 21:00:00,0.0,25.2,82.0,13.4
2024-08-30 22:00:00,0.0,22.9,82.5,13.8
2024-08-30 23:00:00,0.0,22.8,74.5,15.0
2024-08-31 00:00:00,0.0,23.1,80.6,15.0
2024-08-31 01:00:00,0.0,19.3,88.7,14.8
2024-08-31 02:00:00,0.0,20.9,89.1,11.5
2024-08-31 03:00:00,0.0,26.3,81.5,11.7
2024-08-31 04:00:00,0.0,26.8,67.6,6.4
2024-08-31 05:00:00,0.0,28.0,66.5,6.9
2024-08-31 06:00:00,5.621607405777287e-31,30.5,59.8,5.2
2024-08-31 07:00:00,10.043642868389014,33.3,60.0,6.9
2024-08-31 08:00:00,37.48338547790464,33.4,63.2,2.0
2024-08-31 09:00:00,74.96677095580927,34.6,63.7,3.5
2024-08-31 10:00:00,112.4501564337139,37.8,52.6,4.1
2024-08-31 11:00:00,139.8898990432295,36.3,54.1,8.2
2024-08-31 12:00:00,149.9335419116185,39.3,51.0,1.7
2024-08-31 13:00:00,139.8898990432295,34.8,54.2,3.3
2024-08-31 14:00:00,112.4501564337139,39.5,60.4,0.8
2024-08-31 15:00:00,74.96677095580927,37.1,46.2,3.4
2024-08-31 16:00:00,37.48338547790464,35.0,58.9,7.1
2024-08-31 17:00:00,10.043642868389014,34.5,69.0,10.6
2024-08-31 18:00:00,5.621607405777287e-31,33.8,60.2,7.0
2024-08-31 19:00:00,0.0,30.4,65.2,5.4
2024-08-31 20:00:00,0.0,22.8,78.2,12.6
2024-08-31 21:00:00,0.0,22.3,80.0,8.6
2024-08-31 22:00:00,0.0,22.3,87.7,10.8
2024-08-31 23:00:00,0.0,22.8,68.9,15.0
2024-09-01 00:00:00,0.0,23.4,86.5,15.0
2024-09-01 01:00:00,0.0,21.2,75.7,13.6
2024-09-01 02:00:00,0.0,23.8,76.8,14.1
2024-09-01 03:00:00,0.0,23.2,77.1,10.9
2024-09-01 04:00:00,0.0,25.1,78.7,11.6
2024-09-01 05:00:00,0.0,25.5,67.1,7.8
2024-09-01 06:00:00,5.621607405777287e-31,28.5,72.0,6.6
2024-09-01 07:00:00,10.043642868389014,29.7,77.6,7.6
2024-09-01 08:00:00,37.48338547790464,32.4,55.8,3.9
2024-09-01 09:00:00,74.96677095580927,38.1,53.3,2.0
2024-09-01 10:00:00,112.4501564337139,35.4,54.0,4.7
2024-09-01 11:00:00,139.8898990432295,43.4,45.1,2.1
2024-09-01 12:00:00,149.9335419116185,39.4,50.3,3.1
2024-09-01 13:00:00,139.8898990432295,38.5,48.6,0.4
2024-09-01 14:00:00,112.4501564337139,35.6,59.4,2.7
2024-09-01 15:00:00,74.96677095580927,37.4,62.7,2.5
2024-09-01 16:00:00,37.48338547790464,33.2,60.3,1.9
2024-09-01 17:00:00,10.043642868389014,32.7,65.8,4.8
2024-09-01 18:00:00,5.621607405777287e-31,35.5,50.7,6.0
2024-09-01 19:00:00,0.0,28.1,65.6,8.2
2024-09-01 20:00:00,0.0,28.7,71.8,11.9
2024-09-01 21:00:00,0.0,23.3,86.5,13.0
2024-09-01 22:00:00,0.0,23.4,80.7,11.7
2024-09-01 23:00:00,0.0,26.2,72.3,15.0
2024-09-02 00:00:00,0.0,21.0,83.2,15.0
2024-09-02 01:00:00,0.0,26.1,67.7,13.9
2024-09-02 02:00:00,0.0,24.7,79.5,10.6
2024-09-02 03:00:00,0.0,23.4,83.2,10.2
2024-09-02 04:00:00,0.0,27.5,69.2,12.0
2024-09-02 05:00:00,0.0,30.1,64.5,5.5
2024-09-02 06:00:00,5.621607405777287e-31,31.5,65.7,4.6
2024-09-02 07:00:00,10.043642868389014,29.2,66.3,3.8
2024-09-02 08:00:00,37.48338547790464,32.8,61.7,2.6
2024-09-02 09:00:00,74.96677095580927,35.4,67.8,5.0
2024-09-02 10:00:00,112.4501564337139,37.0,53.1,1.9
2024-09-02 11:00:00,139.8898990432295,39.2,48.7,4.3
2024-09-02 12:00:00,149.9335419116185,38.6,48.3,2.6
2024-09-02 13:00:00,139.8898990432295,35.3,61.2,0.5
2024-09-02 14:00:00,112.4501564337139,37.9,51.8,2.2
2024-09-02 15:00:00,74.96677095580927,37.1,51.0,5.9
2024-09-02 16:00:00,37.48338547790464,35.3,64.0,4.4
2024-09-02 17:00:00,10.043642868389014,34.5,66.1,4.4
2024-09-02 18:00:00,5.621607405777287e-31,31.9,60.6,9.3
2024-09-02 19:00:00,0.0,29.1,59.3,5.8
2024-09-02 20:00:00,0.0,26.1,79.1,7.9
2024-09-02 21:00:00,0.0,21.3,79.3,12.8
2024-09-02 22:00:00,0.0,24.2,81.5,14.1
2024-09-02 23:00:00,0.0,22.9,69.9,13.0
2024-09-03 00:00:00,0.0,22.6,84.7,15.0
2024-09-03 01:00:00,0.0,19.8,79.3,13.5
2024-09-03 02:00:00,0.0,21.0,86.9,10.3
2024-09-03 03:00:00,0.0,26.5,73.3,10.0
2024-09-03 04:00:00,0.0,26.0,69.4,14.9
2024-09-03 05:00:00,0.0,29.4,66.1,10.0
2024-09-03 06:00:00,5.621607405777287e-31,30.1,70.2,6.0
2024-09-03 07:00:00,10.043642868389014,32.2,63.5,3.0
2024-09-03 08:00:00,37.48338547790464,36.0,59.2,1.9
2024-09-03 09:00:00,74.96677095580927,34.7,68.4,3.5
2024-09-03 10:00:00,112.4501564337139,37.2,46.2,3.8
2024-09-03 11:00:00,139.8898990432295,36.9,62.7,4.3
2024-09-03 12:00:00,149.9335419116185,37.2,54.5,3.8
2024-09-03 13:00:00,139.8898990432295,37.2,49.6,4.2
2024-09-03 14:00:00,112.4501564337139,37.5,46.9,3.5
2024-09-03 15:00:00,74.96677095580927,34.8,57.4,6.5
2024-09-03 16:00:00,37.48338547790464,36.6,59.7,3.2
2024-09-03 17:00:00,10.043642868389014,30.4,65.7,5.1
2024-09-03 18:00:00,5.621607405777287e-31,29.7,75.1,4.0
2024-09-03 19:00:00,0.0,27.1,64.9,6.5
2024-09-03 20:00:00,0.0,29.0,68.8,11.4
2024-09-03 21:00:00,0.0,24.8,70.1,12.1
2024-09-03 22:00:00,0.0,25.2,77.4,10.1
2024-09-03 23:00:00,0.0,19.4,90.5,15.0
2024-09-04 00:00:00,0.0,22.5,78.5,15.0
2024-09-04 01:00:00,0.0,24.0,64.8,15.0
2024-09-04 02:00:00,0.0,23.2,80.3,11.5
2024-09-04 03:00:00,0.0,26.4,75.7,9.9
2024-09-04 04:00:00,0.0,24.9,78.2,9.2
2024-09-04 05:00:00,0.0,30.7,72.0,8.7
2024-09-04 06:00:00,5.621607405777287e-31,34.5,53.5,6.8
2024-09-04 07:00:00,10.043642868389014,31.3,68.1,4.1
2024-09-04 08:00:00,37.48338547790464,33.0,67.5,2.7
2024-09-04 09:00:00,74.96677095580927,38.5,42.8,2.0
2024-09-04 10:00:00,112.4501564337139,40.0,50.6,5.6
2024-09-04 11:00:00,139.8898990432295,36.6,52.6,4.9
2024-09-04 12:00:00,149.9335419116185,37.1,53.8,3.6
2024-09-04 13:00:00,139.8898990432295,37.1,56.0,5.3
2024-09-04 14:00:00,112.4501564337139,34.2,57.1,2.7
2024-09-04 15:00:00,74.96677095580927,33.7,56.9,5.4
2024-09-04 16:00:00,37.48338547790464,31.9,63.7,5.3
2024-09-04 17:00:00,10.043642868389014,30.5,60.7,7.1
2024-09-04 18:00:00,5.621607405777287e-31,29.9,61.8,4.6
2024-09-04 19:00:00,0.0,28.3,73.4,7.9
2024-09-04 20:00:00,0.0,29.0,63.0,8.3
2024-09-04 21:00:00,0.0,22.3,84.2,8.3
2024-09-04 22:00:00,0.0,25.0,78.4,15.0
2024-09-04 23:00:00,0.0,21.8,73.2,15.0
2024-09-05 00:00:00,0.0,21.7,78.6,15.0
2024-09-05 01:00:00,0.0,23.4,84.9,13.3
2024-09-05 02:00:00,0.0,20.6,79.0,10.4
2024-09-05 03:00:00,0.0,24.9,73.9,8.3
2024-09-05 04:00:00,0.0,26.1,76.3,8.0
2024-09-05 05:00:00,0.0,28.7,73.3,9.0
2024-09-05 06:00:00,5.621607405777287e-31,30.3,65.1,5.5
2024-09-05 07:00:00,10.043642868389014,36.7,51.9,6.1
2024-09-05 08:00:00,37.48338547790464,32.5,69.6,5.3
2024-09-05 09:00:00,74.96677095580927,34.4,67.8,5.0
2024-09-05 10:00:00,112.4501564337139,35.4,62.1,0.7
2024-09-05 11:00:00,139.8898990432295,36.4,55.9,1.4
2024-09-05 12:00:00,149.9335419116185,36.5,51.3,3.6
2024-09-05 13:00:00,139.8898990432295,39.9,45.1,6.8
2024-09-05 14:00:00,112.4501564337139,39.5,52.5,5.9
2024-09-05 15:00:00,74.96677095580927,34.3,61.4,4.0
2024-09-05 16:00:00,37.48338547790464,32.1,70.2,7.4
2024-09-05 17:00:00,10.043642868389014,32.8,65.3,5.6
2024-09-05 18:00:00,5.621607405777287e-31,28.7,61.9,4.1
2024-09-05 19:00:00,0.0,29.0,74.1,8.9
2024-09-05 20:00:00,0.0,26.2,68.9,12.0
2024-09-05 21:00:00,0.0,21.1,81.1,15.0
2024-09-05 22:00:00,0.0,25.9,75.6,11.5
2024-09-05 23:00:00,0.0,25.6,84.8,13.0
2024-09-06 00:00:00,0.0,20.4,99.9,15.0
2024-09-06 01:00:00,0.0,21.1,86.1,15.0
2024-09-06 02:00:00,0.0,23.2,78.3,13.2
2024-09-06 03:00:00,0.0,24.6,79.4,14.0
2024-09-06 04:00:00,0.0,26.9,77.0,10.9
2024-09-06 05:00:00,0.0,31.5,62.6,8.5
2024-09-06 06:00:00,5.621607405777287e-31,29.2,77.4,5.3
2024-09-06 07:00:00,10.043642868389014,30.1,68.0,6.8
2024-09-06 08:00:00,37.48338547790464,30.8,68.0,2.4
2024-09-06 09:00:00,74.96677095580927,33.8,63.5,4.0
2024-09-06 10:00:00,112.4501564337139,36.5,57.5,2.8
2024-09-06 11:00:00,139.8898990432295,40.9,51.6,0.6
2024-09-06 12:00:00,149.9335419116185,36.6,52.1,3.4
2024-09-06 13:00:00,139.8898990432295,37.8,50.2,1.6
2024-09-06 14:00:00,112.4501564337139,36.5,49.8,3.7
2024-09-06 15:00:00,74.96677095580927,37.6,55.5,2.0
2024-09-06 16:00:00,37.48338547790464,38.6,55.3,6.2
2024-09-06 17:00:00,10.043642868389014,30.6,68.2,9.9
2024-09-06 18:00:00,5.621607405777287e-31,28.6,77.9,4.4
2024-09-06 19:00:00,0.0,29.6,67.7,6.0
2024-09-06 20:00:00,0.0,27.0,75.8,7.1
2024-09-06 21:00:00,0.0,27.6,65.8,10.2
2024-09-06 22:00:00,0.0,23.8,76.2,13.3
2024-09-06 23:00:00,0.0,21.1,86.4,15.0
2024-09-07 00:00:00,0.0,22.6,84.6,15.0
2024-09-07 01:00:00,0.0,23.9,76.5,15.0
2024-09-07 02:00:00,0.0,24.1,77.2,12.4
2024-09-07 03:00:00,0.0,24.8,68.8,9.6
2024-09-07 04:00:00,0.0,27.5,69.6,7.5
2024-09-07 05:00:00,0.0,29.7,72.0,7.1
2024-09-07 06:00:00,5.621607405777287e-31,32.2,66.0,4.7
2024-09-07 07:00:00,10.043642868389014,32.8,64.5,5.7
2024-09-07 08:00:00,37.48338547790464,33.1,61.7,2.7
2024-09-07 09:00:00,74.96677095580927,35.4,57.4,2.6
2024-09-07 10:00:00,112.4501564337139,38.7,47.9,5.6
2024-09-07 11:00:00,139.8898990432295,35.5,60.6,5.7
2024-09-07 12:00:00,149.9335419116185,38.1,54.4,5.4
2024-09-07 13:00:00,139.8898990432295,36.3,58.0,2.5
2024-09-07 14:00:00,112.4501564337139,36.4,52.9,2.0
2024-09-07 15:00:00,74.96677095580927,37.6,42.5,4.5
2024-09-07 16:00:00,37.48338547790464,33.8,65.7,2.8
2024-09-07 17:00:00,10.043642868389014,31.6,61.8,6.7
2024-09-07 18:00:00,5.621607405777287e-31,26.7,68.6,5.1
2024-09-07 19:00:00,0.0,28.8,72.6,7.0
2024-09-07 20:00:00,0.0,26.7,71.0,10.7
2024-09-07 21:00:00,0.0,28.1,75.8,8.5
2024-09-07 22:00:00,0.0,21.9,84.7,11.5
2024-09-07 23:00:00,0.0,22.1,84.6,15.0
2024-09-08 00:00:00,0.0,21.7,75.1,15.0
2024-09-08 01:00:00,0.0,24.6,82.7,15.0
2024-09-08 02:00:00,0.0,22.1,82.5,12.1
2024-09-08 03:00:00,0.0,24.1,75.7,12.7
2024-09-08 04:00:00,0.0,26.4,74.1,7.5
2024-09-08 05:00:00,0.0,27.5,62.6,5.9
2024-09-08 06:00:00,5.621607405777287e-31,28.3,72.1,6.9
2024-09-08 07:00:00,10.043642868389014,31.7,58.8,3.4
2024-09-08 08:00:00,37.48338547790464,35.4,50.6,9.1
2024-09-08 09:00:00,74.96677095580927,32.8,54.3,2.4
2024-09-08 10:00:00,112.4501564337139,36.4,61.0,4.9
2024-09-08 11:00:00,139.8898990432295,35.5,53.9,0.9
2024-09-08 12:00:00,149.9335419116185,39.6,57.4,6.5
2024-09-08 13:00:00,139.8898990432295,33.9,57.3,2.6
2024-09-08 14:00:00,112.4501564337139,35.0,49.4,1.9
2024-09-08 15:00:00,74.96677095580927,35.6,51.3,2.9
2024-09-08 16:00:00,37.48338547790464,36.4,61.7,2.9
2024-09-08 17:00:00,10.043642868389014,31.2,64.1,4.6
2024-09-08 18:00:00,5.621607405777287e-31,28.1,67.7,4.4
2024-09-08 19:00:00,0.0,30.9,66.2,6.5
2024-09-08 20:00:00,0.0,22.3,83.3,10.9
2024-09-08 21:00:00,0.0,19.2,92.1,11.0
2024-09-08 22:00:00,0.0,23.2,86.5,11.0
2024-09-08 23:00:00,0.0,20.5,82.3,14.3
2024-09-09 00:00:00,0.0,19.0,80.2,15.0
2024-09-09 01:00:00,0.0,22.7,78.0,13.8
2024-09-09 02:00:00,0.0,22.6,81.6,10.9
2024-09-09 03:00:00,0.0,22.2,76.1,11.8
2024-09-09 04:00:00,0.0,22.5,75.8,6.6
2024-09-09 05:00:00,0.0,28.7,71.1,6.9
2024-09-09 06:00:00,5.621607405777287e-31,30.3,66.2,9.5
2024-09-09 07:00:00,10.043642868389014,30.9,65.5,4.6
2024-09-09 08:00:00,37.48338547790464,36.7,51.1,6.4
2024-09-09 09:00:00,74.96677095580927,32.5,61.3,1.8
2024-09-09 10:00:00,112.4501564337139,32.9,57.2,2.4
2024-09-09 11:00:00,139.8898990432295,35.4,61.8,2.0
2024-09-09 12:00:00,149.9335419116185,36.9,59.7,3.6
2024-09-09 13:00:00,139.8898990432295,37.2,44.7,2.7
2024-09-09 14:00:00,112.4501564337139,35.5,52.5,6.9
2024-09-09 15:00:00,74.96677095580927,35.4,49.8,2.5
2024-09-09 16:00:00,37.48338547790464,30.5,62.8,4.2
2024-09-09 17:00:00,10.043642868389014,34.0,59.4,4.4
2024-09-09 18:00:00,5.621607405777287e-31,28.9,61.8,6.1
2024-09-09 19:00:00,0.0,29.2,63.8,7.2
2024-09-09 20:00:00,0.0,25.7,69.7,7.5
2024-09-09 21:00:00,0.0,24.3,78.3,12.4
2024-09-09 22:00:00,0.0,23.2,79.5,11.4
2024-09-09 23:00:00,0.0,22.2,77.4,13.4
2024-09-10 00:00:00,0.0,22.1,82.1,14.9
2024-09-10 01:00:00,0.0,23.8,75.5,13.7
2024-09-10 02:00:00,0.0,22.3,79.5,11.4
2024-09-10 03:00:00,0.0,24.6,85.1,8.4
2024-09-10 04:00:00,0.0,24.6,83.3,8.5
2024-09-10 05:00:00,0.0,29.6,61.2,11.2
2024-09-10 06:00:00,5.621607405777287e-31,27.5,75.7,4.3
2024-09-10 07:00:00,10.043642868389014,34.5,63.0,4.9
2024-09-10 08:00:00,37.48338547790464,32.7,56.3,3.6
2024-09-10 09:00:00,74.96677095580927,31.6,68.2,4.8
2024-09-10 10:00:00,112.4501564337139,36.0,63.9,4.5
2024-09-10 11:00:00,139.8898990432295,35.2,52.0,9.5
2024-09-10 12:00:00,149.9335419116185,38.5,47.1,3.0
2024-09-10 13:00:00,139.8898990432295,35.2,62.6,1.3
2024-09-10 14:00:00,112.4501564337139,34.9,59.6,2.0
2024-09-10 15:00:00,74.96677095580927,30.7,68.5,2.6
2024-09-10 16:00:00,37.48338547790464,31.9,65.2,3.1
2024-09-10 17:00:00,10.043642868389014,26.0,76.1,9.8
2024-09-10 18:00:00,5.621607405777287e-31,25.7,68.2,7.6
2024-09-10 19:00:00,0.0,28.3,75.3,8.5
2024-09-10 20:00:00,0.0,26.4,79.3,7.4
2024-09-10 21:00:00,0.0,24.0,76.6,12.2
2024-09-10 22:00:00,0.0,20.0,84.8,15.0
2024-09-10 23:00:00,0.0,21.0,75.5,14.2
2024-09-11 00:00:00,0.0,20.6,86.5,15.0
2024-09-11 01:00:00,0.0,18.6,90.4,15.0
2024-09-11 02:00:00,0.0,24.7,76.2,11.4
2024-09-11 03:00:00,0.0,24.7,82.1,9.4
2024-09-11 04:00:00,0.0,24.2,75.8,7.5
2024-09-11 05:00:00,0.0,26.6,75.9,7.2
2024-09-11 06:00:00,5.621607405777287e-31,29.0,63.6,6.6
2024-09-11 07:00:00,10.043642868389014,26.6,73.0,7.3
2024-09-11 08:00:00,37.48338547790464,32.1,62.3,5.3
2024-09-11 09:00:00,74.96677095580927,32.9,62.9,4.5
2024-09-11 10:00:00,112.4501564337139,33.5,58.8,6.3
2024-09-11 11:00:00,139.8898990432295,35.8,55.9,1.1
2024-09-11 12:00:00,149.9335419116185,40.2,52.7,0.6
2024-09-11 13:00:00,139.8898990432295,37.6,51.1,3.9
2024-09-11 14:00:00,112.4501564337139,34.4,51.0,2.7
2024-09-11 15:00:00,74.96677095580927,35.4,66.0,5.7
2024-09-11 16:00:00,37.48338547790464,35.4,64.1,4.0
2024-09-11 17:00:00,10.043642868389014,32.5,56.0,4.0
2024-09-11 18:00:00,5.621607405777287e-31,28.7,72.7,7.4
2024-09-11 19:00:00,0.0,25.3,73.0,7.6
2024-09-11 20:00:00,0.0,26.0,75.5,8.8
2024-09-11 21:00:00,0.0,23.8,79.7,15.0
2024-09-11 22:00:00,0.0,23.5,77.6,15.0
2024-09-11 23:00:00,0.0,22.2,77.2,15.0
2024-09-12 00:00:00,0.0,22.5,77.0,15.0
2024-09-12 01:00:00,0.0,19.6,81.1,14.7
2024-09-12 02:00:00,0.0,24.1,73.4,12.0
2024-09-12 03:00:00,0.0,23.2,79.0,11.0
2024-09-12 04:00:00,0.0,28.6,66.0,8.1
2024-09-12 05:00:00,0.0,25.0,79.5,5.7
2024-09-12 06:00:00,5.621607405777287e-31,31.9,71.0,6.0
2024-09-12 07:00:00,10.043642868389014,30.9,62.5,5.6
2024-09-12 08:00:00,37.48338547790464,31.1,66.2,6.5
2024-09-12 09:00:00,74.96677095580927,33.1,63.9,2.2
2024-09-12 10:00:00,112.4501564337139,34.7,60.9,3.0
2024-09-12 11:00:00,139.8898990432295,37.0,54.8,3.7
2024-09-12 12:00:00,149.9335419116185,37.5,57.3,3.6
2024-09-12 13:00:00,139.8898990432295,35.0,60.4,7.2
2024-09-12 14:00:00,112.4501564337139,35.3,51.3,2.4
2024-09-12 15:00:00,74.96677095580927,38.4,56.3,2.1
2024-09-12 16:00:00,37.48338547790464,35.9,60.9,4.3
2024-09-12 17:00:00,10.043642868389014,31.4,60.7,4.6
2024-09-12 18:00:00,5.621607405777287e-31,28.5,69.9,5.4
2024-09-12 19:00:00,0.0,26.6,76.6,6.5
2024-09-12 20:00:00,0.0,25.6,73.8,9.5
2024-09-12 21:00:00,0.0,20.7,89.1,9.5
2024-09-12 22:00:00,0.0,21.0,95.1,14.2
2024-09-12 23:00:00,0.0,17.4,85.8,15.0
2024-09-13 00:00:00,0.0,21.0,76.3,15.0
2024-09-13 01:00:00,0.0,21.8,83.3,13.1
2024-09-13 02:00:00,0.0,20.3,88.0,13.0
2024-09-13 03:00:00,0.0,25.7,73.6,13.2
2024-09-13 04:00:00,0.0,21.8,89.1,10.8
2024-09-13 05:00:00,0.0,23.2,72.5,8.9
2024-09-13 06:00:00,5.621607405777287e-31,28.7,72.9,6.1
2024-09-13 07:00:00,10.043642868389014,32.4,59.7,5.0
2024-09-13 08:00:00,37.48338547790464,35.6,65.6,7.2
2024-09-13 09:00:00,74.96677095580927,32.9,71.7,4.0
2024-09-13 10:00:00,112.4501564337139,37.3,50.0,3.5
2024-09-13 11:00:00,139.8898990432295,35.9,53.7,12.6
2024-09-13 12:00:00,149.9335419116185,35.9,60.7,2.0
2024-09-13 13:00:00,139.8898990432295,37.7,51.2,0.3
2024-09-13 14:00:00,112.4501564337139,36.4,55.2,2.6
2024-09-13 15:00:00,74.96677095580927,30.7,65.8,3.2
2024-09-13 16:00:00,37.48338547790464,35.2,48.1,4.6
2024-09-13 17:00:00,10.043642868389014,33.0,61.5,6.1
2024-09-13 18:00:00,5.621607405777287e-31,27.0,69.0,3.9
2024-09-13 19:00:00,0.0,26.9,70.1,8.5
2024-09-13 20:00:00,0.0,25.2,82.9,8.8
2024-09-13 21:00:00,0.0,23.1,73.2,10.1
2024-09-13 22:00:00,0.0,20.2,88.7,10.5
2024-09-13 23:00:00,0.0,19.1,85.2,15.0
2024-09-14 00:00:00,0.0,19.9,83.7,15.0
2024-09-14 01:00:00,0.0,22.6,84.2,15.0
2024-09-14 02:00:00,0.0,22.2,82.8,11.2
2024-09-14 03:00:00,0.0,21.6,85.0,11.2
2024-09-14 04:00:00,0.0,25.5,79.9,8.5
2024-09-14 05:00:00,0.0,20.2,82.9,8.8
2024-09-14 06:00:00,5.621607405777287e-31,30.3,63.4,5.6
2024-09-14 07:00:00,10.043642868389014,26.6,67.7,3.7
2024-09-14 08:00:00,37.48338547790464,31.3,60.6,4.1
2024-09-14 09:00:00,74.96677095580927,31.4,79.2,3.3
2024-09-14 10:00:00,112.4501564337139,32.3,69.0,3.4
2024-09-14 11:00:00,139.8898990432295,38.0,45.8,4.8
2024-09-14 12:00:00,149.9335419116185,35.1,51.3,1.0
2024-09-14 13:00:00,139.8898990432295,36.4,57.9,4.7
2024-09-14 14:00:00,112.4501564337139,34.8,61.0,1.2
2024-09-14 15:00:00,74.96677095580927,34.6,61.4,4.7
2024-09-14 16:00:00,37.48338547790464,32.2,61.8,5.5
2024-09-14 17:00:00,10.043642868389014,27.5,70.9,4.2
2024-09-14 18:00:00,5.621607405777287e-31,30.0,68.7,4.9
2024-09-14 19:00:00,0.0,24.9,76.5,6.1
2024-09-14 20:00:00,0.0,20.9,72.3,9.0
2024-09-14 21:00:00,0.0,21.5,81.2,12.2
2024-09-14 22:00:00,0.0,24.1,73.4,12.2
2024-09-14 23:00:00,0.0,22.0,82.3,12.3
2024-09-15 00:00:00,0.0,19.1,100.0,15.0
2024-09-15 01:00:00,0.0,19.4,88.0,13.7
2024-09-15 02:00:00,0.0,20.2,83.0,13.5
2024-09-15 03:00:00,0.0,26.3,78.3,11.8
2024-09-15 04:00:00,0.0,24.6,79.2,9.2
2024-09-15 05:00:00,0.0,26.6,75.3,9.5
2024-09-15 06:00:00,5.621607405777287e-31,29.9,70.3,8.4
2024-09-15 07:00:00,10.043642868389014,30.3,76.7,4.2
2024-09-15 08:00:00,37.48338547790464,31.3,59.1,2.8
2024-09-15 09:00:00,74.96677095580927,33.1,63.9,3.3
2024-09-15 10:00:00,112.4501564337139,34.6,54.1,3.2
2024-09-15 11:00:00,139.8898990432295,35.4,60.0,1.7
2024-09-15 12:00:00,149.9335419116185,37.2,49.4,14.4
2024-09-15 13:00:00,139.8898990432295,35.6,54.8,6.3
2024-09-15 14:00:00,112.4501564337139,36.2,54.4,1.9
2024-09-15 15:00:00,74.96677095580927,33.3,66.0,1.9
2024-09-15 16:00:00,37.48338547790464,31.9,68.1,3.0
2024-09-15 17:00:00,10.043642868389014,25.9,68.2,7.4
2024-09-15 18:00:00,5.621607405777287e-31,29.6,68.0,8.6
2024-09-15 19:00:00,0.0,26.4,69.9,11.1
2024-09-15 20:00:00,0.0,25.8,68.3,7.6
2024-09-15 21:00:00,0.0,16.3,90.5,11.6
2024-09-15 22:00:00,0.0,25.0,74.4,11.3
2024-09-15 23:00:00,0.0,19.8,97.5,15.0
2024-09-16 00:00:00,0.0,21.8,83.9,15.0
2024-09-16 01:00:00,0.0,17.8,82.1,12.9
2024-09-16 02:00:00,0.0,21.9,78.8,11.0
2024-09-16 03:00:00,0.0,19.8,90.4,10.6
2024-09-16 04:00:00,0.0,22.3,91.2,10.4
2024-09-16 05:00:00,0.0,29.3,60.3,8.8
2024-09-16 06:00:00,5.621607405777287e-31,27.2,62.6,4.6
2024-09-16 07:00:00,10.043642868389014,30.1,76.2,4.3
2024-09-16 08:00:00,37.48338547790464,33.3,63.0,3.3
2024-09-16 09:00:00,74.96677095580927,34.2,55.0,1.8
2024-09-16 10:00:00,112.4501564337139,34.8,61.0,2.0
2024-09-16 11:00:00,139.8898990432295,36.0,42.9,6.1
2024-09-16 12:00:00,149.9335419116185,40.4,48.3,0.8
2024-09-16 13:00:00,139.8898990432295,35.2,59.3,3.0
2024-09-16 14:00:00,112.4501564337139,34.9,62.8,6.5
2024-09-16 15:00:00,74.96677095580927,35.3,52.3,6.8
2024-09-16 16:00:00,37.48338547790464,33.8,60.6,8.9
2024-09-16 17:00:00,10.043642868389014,32.0,58.7,5.6
2024-09-16 18:00:00,5.621607405777287e-31,28.9,70.3,7.1
2024-09-16 19:00:00,0.0,23.2,74.7,6.5
2024-09-16 20:00:00,0.0,26.8,70.6,7.1
2024-09-16 21:00:00,0.0,19.6,80.7,10.3
2024-09-16 22:00:00,0.0,21.3,86.0,15.0
2024-09-16 23:00:00,0.0,18.3,92.3,12.3
2024-09-17 00:00:00,0.0,19.2,85.2,15.0
2024-09-17 01:00:00,0.0,20.3,84.6,15.0
2024-09-17 02:00:00,0.0,21.1,75.8,12.5
2024-09-17 03:00:00,0.0,22.6,78.9,13.8
2024-09-17 04:00:00,0.0,26.6,72.9,11.3
2024-09-17 05:00:00,0.0,26.2,86.9,5.6
2024-09-17 06:00:00,5.621607405777287e-31,26.9,67.0,6.3
2024-09-17 07:00:00,10.043642868389014,31.4,71.8,3.8
2024-09-17 08:00:00,37.48338547790464,33.8,65.2,2.9
2024-09-17 09:00:00,74.96677095580927,30.6,67.4,1.6
2024-09-17 10:00:00,112.4501564337139,35.5,65.9,3.4
2024-09-17 11:00:00,139.8898990432295,36.5,57.1,5.9
2024-09-17 12:00:00,149.9335419116185,34.8,60.3,3.2
2024-09-17 13:00:00,139.8898990432295,37.9,52.6,0.8
2024-09-17 14:00:00,112.4501564337139,34.0,65.9,2.8
2024-09-17 15:00:00,74.96677095580927,33.3,66.6,4.5
2024-09-17 16:00:00,37.48338547790464,31.0,62.0,3.9
2024-09-17 17:00:00,10.043642868389014,29.5,61.3,5.6
2024-09-17 18:00:00,5.621607405777287e-31,25.2,74.7,5.0
2024-09-17 19:00:00,0.0,22.4,76.6,7.0
2024-09-17 20:00:00,0.0,26.6,72.9,8.4
2024-09-17 21:00:00,0.0,20.0,91.1,14.6
2024-09-17 22:00:00,0.0,18.5,85.5,11.0
2024-09-17 23:00:00,0.0,15.3,93.2,12.3
2024-09-18 00:00:00,0.0,17.9,89.1,15.0
2024-09-18 01:00:00,0.0,16.8,95.0,14.8
2024-09-18 02:00:00,0.0,23.5,67.4,10.8
2024-09-18 03:00:00,0.0,23.5,75.6,12.7
2024-09-18 04:00:00,0.0,21.8,82.8,10.2
2024-09-18 05:00:00,0.0,29.6,73.7,12.1
2024-09-18 06:00:00,5.621607405777287e-31,29.1,66.1,6.5
2024-09-18 07:00:00,10.043642868389014,28.6,60.1,13.1
2024-09-18 08:00:00,37.48338547790464,26.2,77.0,3.9
2024-09-18 09:00:00,74.96677095580927,37.4,50.5,4.7
2024-09-18 10:00:00,112.4501564337139,31.3,58.7,4.5
2024-09-18 11:00:00,139.8898990432295,31.6,61.0,1.9
2024-09-18 12:00:00,149.9335419116185,37.2,53.1,1.7
2024-09-18 13:00:00,139.8898990432295,39.8,46.4,4.3
2024-09-18 14:00:00,112.4501564337139,36.9,43.6,1.2
2024-09-18 15:00:00,74.96677095580927,34.0,64.4,2.2
2024-09-18 16:00:00,37.48338547790464,32.4,69.1,3.8
2024-09-18 17:00:00,10.043642868389014,31.0,68.5,9.5
2024-09-18 18:00:00,5.621607405777287e-31,28.7,63.7,7.8
2024-09-18 19:00:00,0.0,25.7,73.8,7.6
2024-09-18 20:00:00,0.0,23.4,78.9,8.0
2024-09-18 21:00:00,0.0,21.4,85.5,15.0
2024-09-18 22:00:00,0.0,18.7,90.6,12.4
2024-09-18 23:00:00,0.0,18.9,83.3,13.4
2024-09-19 00:00:00,0.0,15.6,93.4,15.0
2024-09-19 01:00:00,0.0,19.0,89.0,12.9
2024-09-19 02:00:00,0.0,18.1,95.8,15.0
2024-09-19 03:00:00,0.0,19.1,90.1,10.6
2024-09-19 04:00:00,0.0,23.3,82.9,10.6
2024-09-19 05:00:00,0.0,27.7,71.6,8.6
2024-09-19 06:00:00,5.621607405777287e-31,28.8,76.2,7.8
2024-09-19 07:00:00,10.043642868389014,25.9,76.4,13.1
2024-09-19 08:00:00,37.48338547790464,29.0,64.5,11.2
2024-09-19 09:00:00,74.96677095580927,34.5,65.9,2.3
2024-09-19 10:00:00,112.4501564337139,31.9,67.0,4.0
2024-09-19 11:00:00,139.8898990432295,34.3,57.1,0.5
2024-09-19 12:00:00,149.9335419116185,36.1,53.7,4.5
2024-09-19 13:00:00,139.8898990432295,32.8,63.5,5.3
2024-09-19 14:00:00,112.4501564337139,34.1,61.9,0.7
2024-09-19 15:00:00,74.96677095580927,30.0,68.1,3.4
2024-09-19 16:00:00,37.48338547790464,29.8,69.0,5.8
2024-09-19 17:00:00,10.043642868389014,29.7,76.1,5.7
2024-09-19 18:00:00,5.621607405777287e-31,23.8,83.5,4.4
2024-09-19 19:00:00,0.0,25.8,75.5,5.8
2024-09-19 20:00:00,0.0,22.9,84.4,8.6
2024-09-19 21:00:00,0.0,22.4,75.5,9.9
2024-09-19 22:00:00,0.0,20.5,86.1,11.9
2024-09-19 23:00:00,0.0,22.0,90.5,12.8
2024-09-20 00:00:00,0.0,19.0,85.7,15.0
2024-09-20 01:00:00,0.0,18.2,84.0,15.0
2024-09-20 02:00:00,0.0,20.1,81.6,10.8
2024-09-20 03:00:00,0.0,22.2,75.6,10.2
2024-09-20 04:00:00,0.0,22.9,75.9,10.3
2024-09-20 05:00:00,0.0,24.8,74.5,5.4
2024-09-20 06:00:00,5.621607405777287e-31,25.4,68.3,6.2
2024-09-20 07:00:00,10.043642868389014,27.5,71.5,7.6
2024-09-20 08:00:00,37.48338547790464,28.0,75.2,2.6
2024-09-20 09:00:00,74.96677095580927,35.9,51.8,3.7
2024-09-20 10:00:00,112.4501564337139,31.2,72.4,5.2
2024-09-20 11:00:00,139.8898990432295,33.1,63.9,10.3
2024-09-20 12:00:00,149.9335419116185,33.3,66.1,2.7
2024-09-20 13:00:00,139.8898990432295,36.3,52.4,1.5
2024-09-20 14:00:00,112.4501564337139,33.1,65.7,1.8
2024-09-20 15:00:00,74.96677095580927,34.9,52.7,1.6
2024-09-20 16:00:00,37.48338547790464,29.4,72.5,9.1
2024-09-20 17:00:00,10.043642868389014,29.4,68.9,7.1
2024-09-20 18:00:00,5.621607405777287e-31,25.1,78.6,4.5
2024-09-20 19:00:00,0.0,29.0,62.9,6.2
2024-09-20 20:00:00,0.0,20.4,79.8,9.0
2024-09-20 21:00:00,0.0,21.7,84.8,13.2
2024-09-20 22:00:00,0.0,21.1,78.2,13.6
2024-09-20 23:00:00,0.0,19.9,87.5,15.0
2024-09-21 00:00:00,0.0,18.2,81.4,15.0
2024-09-21 01:00:00,0.0,18.6,91.8,13.0
2024-09-21 02:00:00,0.0,19.8,79.3,12.7
2024-09-21 03:00:00,0.0,20.6,86.6,10.5
2024-09-21 04:00:00,0.0,24.5,80.0,7.0
2024-09-21 05:00:00,0.0,28.9,65.4,12.2
2024-09-21 06:00:00,5.621607405777287e-31,25.5,78.1,5.1
2024-09-21 07:00:00,10.043642868389014,25.9,75.6,3.2
2024-09-21 08:00:00,37.48338547790464,30.4,63.6,3.3
2024-09-21 09:00:00,74.96677095580927,37.4,48.6,2.9
2024-09-21 10:00:00,112.4501564337139,31.9,53.7,2.8
2024-09-21 11:00:00,139.8898990432295,37.6,55.1,2.1
2024-09-21 12:00:00,149.9335419116185,37.9,44.9,2.5
2024-09-21 13:00:00,139.8898990432295,33.2,61.7,2.9
2024-09-21 14:00:00,112.4501564337139,34.7,57.3,3.1
2024-09-21 15:00:00,74.96677095580927,35.5,60.5,4.2
2024-09-21 16:00:00,37.48338547790464,29.8,65.8,5.1
2024-09-21 17:00:00,10.043642868389014,28.3,68.5,6.0
2024-09-21 18:00:00,5.621607405777287e-31,25.4,78.9,7.8
2024-09-21 19:00:00,0.0,22.5,82.2,6.3
2024-09-21 20:00:00,0.0,21.3,84.3,7.8
2024-09-21 21:00:00,0.0,18.5,90.1,13.2
2024-09-21 22:00:00,0.0,19.7,77.8,11.8
2024-09-21 23:00:00,0.0,17.3,93.6,14.4
2024-09-22 00:00:00,0.0,18.9,90.1,15.0
2024-09-22 01:00:00,0.0,15.6,87.9,15.0
2024-09-22 02:00:00,0.0,20.1,83.5,11.2
2024-09-22 03:00:00,0.0,22.4,80.4,9.3
2024-09-22 04:00:00,0.0,18.4,87.2,8.9
2024-09-22 05:00:00,0.0,25.1,77.5,7.1
2024-09-22 06:00:00,5.621607405777287e-31,28.9,76.2,4.5
2024-09-22 07:00:00,10.043642868389014,26.1,79.5,4.8
2024-09-22 08:00:00,37.48338547790464,33.8,53.7,4.1
2024-09-22 09:00:00,74.96677095580927,32.9,64.9,2.5
2024-09-22 10:00:00,112.4501564337139,31.9,70.2,2.6
2024-09-22 11:00:00,139.8898990432295,34.0,61.7,1.4
2024-09-22 12:00:00,149.9335419116185,35.5,62.5,0.9
2024-09-22 13:00:00,139.8898990432295,34.3,69.3,1.9
2024-09-22 14:00:00,112.4501564337139,34.4,64.2,1.4
2024-09-22 15:00:00,74.96677095580927,30.2,67.8,1.6
2024-09-22 16:00:00,37.48338547790464,30.7,70.9,2.0
2024-09-22 17:00:00,10.043642868389014,25.7,75.5,5.4
2024-09-22 18:00:00,5.621607405777287e-31,26.2,74.0,5.3
2024-09-22 19:00:00,0.0,22.5,78.7,10.0
2024-09-22 20:00:00,0.0,20.9,91.1,8.3
2024-09-22 21:00:00,0.0,23.2,75.1,11.0
2024-09-22 22:00:00,0.0,21.7,89.7,11.5
2024-09-22 23:00:00,0.0,19.9,87.7,14.5
2024-09-23 00:00:00,0.0,16.1,85.1,14.8
2024-09-23 01:00:00,0.0,17.9,90.7,13.9
2024-09-23 02:00:00,0.0,21.7,71.4,11.2
2024-09-23 03:00:00,0.0,20.9,86.6,12.9
2024-09-23 04:00:00,0.0,26.9,77.1,9.2
2024-09-23 05:00:00,0.0,25.0,73.1,9.2
2024-09-23 06:00:00,5.621607405777287e-31,26.6,73.7,9.1
2024-09-23 07:00:00,10.043642868389014,27.7,80.9,4.1
2024-09-23 08:00:00,37.48338547790464,30.5,63.6,4.3
2024-09-23 09:00:00,74.96677095580927,31.6,58.8,1.8
2024-09-23 10:00:00,112.4501564337139,34.6,66.2,3.7
2024-09-23 11:00:00,139.8898990432295,35.9,66.2,3.7
2024-09-23 12:00:00,149.9335419116185,32.7,62.2,3.1
2024-09-23 13:00:00,139.8898990432295,31.3,69.7,1.7
2024-09-23 14:00:00,112.4501564337139,29.5,74.6,8.2
2024-09-23 15:00:00,74.96677095580927,32.9,58.1,3.4
2024-09-23 16:00:00,37.48338547790464,28.0,68.1,2.5
2024-09-23 17:00:00,10.043642868389014,24.0,84.0,6.4
2024-09-23 18:00:00,5.621607405777287e-31,27.0,80.8,8.5
2024-09-23 19:00:00,0.0,29.2,71.3,5.9
2024-09-23 20:00:00,0.0,22.2,76.6,8.4
2024-09-23 21:00:00,0.0,22.3,90.9,8.8
2024-09-23 22:00:00,0.0,19.5,83.3,15.0
2024-09-23 23:00:00,0.0,18.3,86.4,14.4
2024-09-24 00:00:00,0.0,19.9,86.9,15.0
2024-09-24 01:00:00,0.0,17.8,96.8,15.0
2024-09-24 02:00:00,0.0,19.7,89.8,12.5
2024-09-24 03:00:00,0.0,21.1,85.2,12.5
2024-09-24 04:00:00,0.0,20.7,86.0,9.8
2024-09-24 05:00:00,0.0,26.0,74.4,6.0
2024-09-24 06:00:00,5.621607405777287e-31,25.7,77.5,5.2
2024-09-24 07:00:00,10.043642868389014,26.6,60.4,3.7
2024-09-24 08:00:00,37.48338547790464,31.1,63.5,2.5
2024-09-24 09:00:00,74.96677095580927,29.9,68.3,1.4
2024-09-24 10:00:00,112.4501564337139,33.1,55.7,9.2
2024-09-24 11:00:00,139.8898990432295,33.8,62.1,3.2
2024-09-24 12:00:00,149.9335419116185,36.2,54.7,3.4
2024-09-24 13:00:00,139.8898990432295,34.7,67.2,5.4
2024-09-24 14:00:00,112.4501564337139,32.9,69.6,2.0
2024-09-24 15:00:00,74.96677095580927,33.4,58.6,1.6
2024-09-24 16:00:00,37.48338547790464,32.9,61.1,5.8
2024-09-24 17:00:00,10.043642868389014,29.3,68.0,3.3
2024-09-24 18:00:00,5.621607405777287e-31,26.1,71.8,7.7
2024-09-24 19:00:00,0.0,21.4,83.5,5.5
2024-09-24 20:00:00,0.0,19.9,81.3,7.2
2024-09-24 21:00:00,0.0,19.8,79.7,9.6
2024-09-24 22:00:00,0.0,17.9,91.8,14.0
2024-09-24 23:00:00,0.0,18.0,91.8,15.0
2024-09-25 00:00:00,0.0,18.0,84.5,15.0
2024-09-25 01:00:00,0.0,19.2,90.8,13.6
2024-09-25 02:00:00,0.0,18.8,83.9,14.7
2024-09-25 03:00:00,0.0,21.2,84.0,8.7
2024-09-25 04:00:00,0.0,22.0,85.4,7.5
2024-09-25 05:00:00,0.0,19.9,85.0,7.6
2024-09-25 06:00:00,5.621607405777287e-31,24.0,80.0,7.9
2024-09-25 07:00:00,10.043642868389014,27.7,68.6,4.6
2024-09-25 08:00:00,37.48338547790464,27.5,70.5,3.5
2024-09-25 09:00:00,74.96677095580927,32.8,61.0,2.9
2024-09-25 10:00:00,112.4501564337139,35.9,52.6,5.6
2024-09-25 11:00:00,139.8898990432295,36.1,55.2,1.4
2024-09-25 12:00:00,149.9335419116185,33.5,53.0,1.0
2024-09-25 13:00:00,139.8898990432295,36.6,52.6,2.1
2024-09-25 14:00:00,112.4501564337139,33.1,59.9,6.1
2024-09-25 15:00:00,74.96677095580927,30.9,64.1,2.3
2024-09-25 16:00:00,37.48338547790464,28.7,68.2,3.6
2024-09-25 17:00:00,10.043642868389014,27.4,71.4,3.1
2024-09-25 18:00:00,5.621607405777287e-31,25.1,78.1,5.7
2024-09-25 19:00:00,0.0,24.2,81.8,7.9
2024-09-25 20:00:00,0.0,22.2,77.7,7.2
2024-09-25 21:00:00,0.0,20.3,78.5,13.3
2024-09-25 22:00:00,0.0,19.9,80.0,12.9
2024-09-25 23:00:00,0.0,20.6,81.5,13.7
2024-09-26 00:00:00,0.0,19.7,83.8,15.0
2024-09-26 01:00:00,0.0,15.1,90.0,15.0
2024-09-26 02:00:00,0.0,13.7,89.8,10.4
2024-09-26 03:00:00,0.0,22.0,79.2,11.1
2024-09-26 04:00:00,0.0,19.0,87.6,12.0
2024-09-26 05:00:00,0.0,23.3,82.1,6.2
2024-09-26 06:00:00,5.621607405777287e-31,23.4,76.0,5.3
2024-09-26 07:00:00,10.043642868389014,24.2,75.3,4.4
2024-09-26 08:00:00,37.48338547790464,30.9,60.8,5.9
2024-09-26 09:00:00,74.96677095580927,32.9,61.5,1.9
2024-09-26 10:00:00,112.4501564337139,31.5,60.0,3.8
2024-09-26 11:00:00,139.8898990432295,28.3,72.9,2.0
2024-09-26 12:00:00,149.9335419116185,32.7,53.3,7.3
2024-09-26 13:00:00,139.8898990432295,34.3,57.5,2.1
2024-09-26 14:00:00,112.4501564337139,29.7,69.0,0.6
2024-09-26 15:00:00,74.96677095580927,31.8,64.7,4.8
2024-09-26 16:00:00,37.48338547790464,29.7,80.9,4.9
2024-09-26 17:00:00,10.043642868389014,29.0,70.5,5.3
2024-09-26 18:00:00,5.621607405777287e-31,26.0,69.2,9.1
2024-09-26 19:00:00,0.0,21.8,81.4,5.4
2024-09-26 20:00:00,0.0,24.2,68.6,7.5
2024-09-26 21:00:00,0.0,19.8,85.0,10.5
2024-09-26 22:00:00,0.0,18.8,83.0,12.7
2024-09-26 23:00:00,0.0,16.2,96.5,14.2
2024-09-27 00:00:00,0.0,16.7,88.1,15.0
2024-09-27 01:00:00,0.0,16.1,91.4,13.8
2024-09-27 02:00:00,0.0,18.4,84.8,15.0
2024-09-27 03:00:00,0.0,23.4,87.6,9.0
2024-09-27 04:00:00,0.0,18.9,85.4,8.8
2024-09-27 05:00:00,0.0,20.3,93.6,8.3
2024-09-27 06:00:00,5.621607405777287e-31,28.6,73.6,7.8
2024-09-27 07:00:00,10.043642868389014,27.3,74.3,6.4
2024-09-27 08:00:00,37.48338547790464,28.3,71.9,3.2
2024-09-27 09:00:00,74.96677095580927,33.4,62.9,2.0
2024-09-27 10:00:00,112.4501564337139,31.4,54.9,7.8
2024-09-27 11:00:00,139.8898990432295,37.0,53.0,4.6
2024-09-27 12:00:00,149.9335419116185,35.0,62.2,2.5
2024-09-27 13:00:00,139.8898990432295,32.4,62.5,6.2
2024-09-27 14:00:00,112.4501564337139,36.9,47.6,1.1
2024-09-27 15:00:00,74.96677095580927,30.1,66.6,1.1
2024-09-27 16:00:00,37.48338547790464,31.1,73.5,4.3
2024-09-27 17:00:00,10.043642868389014,28.3,76.3,5.3
2024-09-27 18:00:00,5.621607405777287e-31,28.2,69.9,4.2
2024-09-27 19:00:00,0.0,26.7,77.7,9.3
2024-09-27 20:00:00,0.0,21.7,80.1,6.7
2024-09-27 21:00:00,0.0,18.5,79.2,11.3
2024-09-27 22:00:00,0.0,19.6,81.0,13.7
2024-09-27 23:00:00,0.0,16.6,99.0,14.8
2024-09-28 00:00:00,0.0,21.5,80.9,15.0
2024-09-28 01:00:00,0.0,18.1,87.3,15.0
2024-09-28 02:00:00,0.0,17.9,87.4,11.6
2024-09-28 03:00:00,0.0,20.2,94.1,9.7
2024-09-28 04:00:00,0.0,18.8,95.3,7.8
2024-09-28 05:00:00,0.0,21.5,93.4,8.9
2024-09-28 06:00:00,5.621607405777287e-31,27.9,70.0,5.2
2024-09-28 07:00:00,10.043642868389014,26.3,75.2,3.3
2024-09-28 08:00:00,37.48338547790464,27.4,64.1,6.4
2024-09-28 09:00:00,74.96677095580927,32.2,70.3,3.2
2024-09-28 10:00:00,112.4501564337139,34.8,52.5,5.3
2024-09-28 11:00:00,139.8898990432295,34.7,59.7,2.6
2024-09-28 12:00:00,149.9335419116185,35.5,51.6,1.3
2024-09-28 13:00:00,139.8898990432295,31.7,60.9,0.5
2024-09-28 14:00:00,112.4501564337139,29.6,63.5,3.1
2024-09-28 15:00:00,74.96677095580927,34.2,56.5,2.8
2024-09-28 16:00:00,37.48338547790464,28.9,66.3,5.7
2024-09-28 17:00:00,10.043642868389014,27.1,69.5,4.0
2024-09-28 18:00:00,5.621607405777287e-31,28.2,74.5,6.8
2024-09-28 19:00:00,0.0,24.6,71.3,7.3
2024-09-28 20:00:00,0.0,22.4,81.7,7.6
2024-09-28 21:00:00,0.0,24.2,83.6,9.7
2024-09-28 22:00:00,0.0,17.3,87.3,10.7
2024-09-28 23:00:00,0.0,19.6,82.1,15.0
2024-09-29 00:00:00,0.0,17.5,88.3,15.0
2024-09-29 01:00:00,0.0,18.2,94.1,12.7
2024-09-29 02:00:00,0.0,21.5,83.2,15.0
2024-09-29 03:00:00,0.0,20.8,81.0,9.0
2024-09-29 04:00:00,0.0,22.5,83.0,7.9
2024-09-29 05:00:00,0.0,25.5,69.6,6.9
2024-09-29 06:00:00,5.621607405777287e-31,24.7,80.0,6.0
2024-09-29 07:00:00,10.043642868389014,25.8,76.6,6.5
2024-09-29 08:00:00,37.48338547790464,27.3,70.3,1.9
2024-09-29 09:00:00,74.96677095580927,27.1,68.0,3.4
2024-09-29 10:00:00,112.4501564337139,36.4,51.0,2.3
2024-09-29 11:00:00,139.8898990432295,30.9,68.0,2.8
2024-09-29 12:00:00,149.9335419116185,33.0,67.8,1.8
2024-09-29 13:00:00,139.8898990432295,32.6,59.2,1.8
2024-09-29 14:00:00,112.4501564337139,32.9,64.0,2.6
2024-09-29 15:00:00,74.96677095580927,32.7,51.7,8.1
2024-09-29 16:00:00,37.48338547790464,31.1,62.1,3.3
2024-09-29 17:00:00,10.043642868389014,26.3,73.5,7.8
2024-09-29 18:00:00,5.621607405777287e-31,25.1,71.3,6.3
2024-09-29 19:00:00,0.0,23.9,73.3,7.5
2024-09-29 20:00:00,0.0,20.9,80.0,9.2
2024-09-29 21:00:00,0.0,23.0,81.1,11.5
2024-09-29 22:00:00,0.0,19.5,85.0,11.8
2024-09-29 23:00:00,0.0,19.1,75.3,15.0
2024-09-30 00:00:00,0.0,18.6,76.9,15.0
